transicao,data_transicao,regime_anterior,novo_regime,mes_relativo,data,retorno_estrategia,retorno_benchmark,retorno_cdi
1,2020-02-29,EXPANSAO_DESINFLACIONARIA,EXPANSAO_INFLACIONARIA,-1,2020-01-31,-0.0067258041846283,-0.0067258041846283,0.0037663336752904
1,2020-02-29,EXPANSAO_DESINFLACIONARIA,EXPANSAO_INFLACIONARIA,0,2020-02-29,-0.0208702791480732,-0.0208702791480732,0.002937286315555
1,2020-02-29,EXPANSAO_DESINFLACIONARIA,EXPANSAO_INFLACIONARIA,1,2020-03-31,-0.0636215268498781,-0.0636215268498781,0.0033836914846629
1,2020-02-29,EXPANSAO_DESINFLACIONARIA,EXPANSAO_INFLACIONARIA,2,2020-04-30,0.0497684275477665,0.0497684275477665,0.0028492490278402
1,2020-02-29,EXPANSAO_DESINFLACIONARIA,EXPANSAO_INFLACIONARIA,3,2020-05-31,0.0310950836815959,0.0310950836815959,0.0023580961930711
2,2020-05-31,EXPANSAO_INFLACIONARIA,RECESSAO_DESINFLACIONARIA,-3,2020-02-29,-0.0208702791480732,-0.0208702791480732,0.002937286315555
2,2020-05-31,EXPANSAO_INFLACIONARIA,RECESSAO_DESINFLACIONARIA,-2,2020-03-31,-0.0636215268498781,-0.0636215268498781,0.0033836914846629
2,2020-05-31,EXPANSAO_INFLACIONARIA,RECESSAO_DESINFLACIONARIA,-1,2020-04-30,0.0497684275477665,0.0497684275477665,0.0028492490278402
2,2020-05-31,EXPANSAO_INFLACIONARIA,RECESSAO_DESINFLACIONARIA,0,2020-05-31,0.0310950836815959,0.0310950836815959,0.0023580961930711
2,2020-05-31,EXPANSAO_INFLACIONARIA,RECESSAO_DESINFLACIONARIA,1,2020-06-30,0.0314123751162691,0.0314123751162691,0.0021233217736713
2,2020-05-31,EXPANSAO_INFLACIONARIA,RECESSAO_DESINFLACIONARIA,2,2020-07-31,0.0398343004827213,0.0398343004827213,0.0019434641302638
2,2020-05-31,EXPANSAO_INFLACIONARIA,RECESSAO_DESINFLACIONARIA,3,2020-08-31,0.0515055517844937,0.0515055517844937,0.0015988959789294
3,2020-10-31,RECESSAO_DESINFLACIONARIA,EXPANSAO_INFLACIONARIA,-3,2020-07-31,0.0398343004827213,0.0398343004827213,0.0019434641302638
3,2020-10-31,RECESSAO_DESINFLACIONARIA,EXPANSAO_INFLACIONARIA,-2,2020-08-31,0.0515055517844937,0.0515055517844937,0.0015988959789294
3,2020-10-31,RECESSAO_DESINFLACIONARIA,EXPANSAO_INFLACIONARIA,-1,2020-09-30,-0.005470982310879,-0.005470982310879,0.0015696620595304
3,2020-10-31,RECESSAO_DESINFLACIONARIA,EXPANSAO_INFLACIONARIA,0,2020-10-31,0.0444458025638641,0.0444458025638641,0.0015696620595304
3,2020-10-31,RECESSAO_DESINFLACIONARIA,EXPANSAO_INFLACIONARIA,1,2020-11-30,0.0142819881018703,0.0142819881018703,0.0014948604084066
3,2020-10-31,RECESSAO_DESINFLACIONARIA,EXPANSAO_INFLACIONARIA,2,2020-12-31,0.0404366032137544,0.0404366032137544,0.0016444692975896
3,2020-10-31,RECESSAO_DESINFLACIONARIA,EXPANSAO_INFLACIONARIA,3,2021-01-31,0.0154887323408328,0.0154887323408328,0.0014948604084066
4,2021-05-31,EXPANSAO_INFLACIONARIA,ESTAGFLACAO,-3,2021-02-28,-0.0005959625459094,-0.0005959625459094,0.0013452738652959
4,2021-05-31,EXPANSAO_INFLACIONARIA,ESTAGFLACAO,-2,2021-03-31,0.0124408247763787,0.0124408247763787,0.0020107988327939
4,2021-05-31,EXPANSAO_INFLACIONARIA,ESTAGFLACAO,-1,2021-04-30,0.0399611773621255,0.0399611773621255,0.002077848024335
4,2021-05-31,EXPANSAO_INFLACIONARIA,ESTAGFLACAO,0,2021-05-31,0.0033232594001511,0.0033232594001511,0.0027032626398217
4,2021-05-31,EXPANSAO_INFLACIONARIA,ESTAGFLACAO,1,2021-06-30,0.0051637889163169,0.0051637889163169,0.0030777896833165
4,2021-05-31,EXPANSAO_INFLACIONARIA,ESTAGFLACAO,2,2021-07-31,-0.0130017700933071,-0.0130017700933071,0.0035561617801918
4,2021-05-31,EXPANSAO_INFLACIONARIA,ESTAGFLACAO,3,2021-08-31,-0.0011939277259223,-0.0011939277259223,0.0042795247734248
5,2021-10-31,ESTAGFLACAO,EXPANSAO_INFLACIONARIA,-3,2021-07-31,-0.0130017700933071,-0.0130017700933071,0.0035561617801918
5,2021-10-31,ESTAGFLACAO,EXPANSAO_INFLACIONARIA,-2,2021-08-31,-0.0011939277259223,-0.0011939277259223,0.0042795247734248
5,2021-10-31,ESTAGFLACAO,EXPANSAO_INFLACIONARIA,-1,2021-09-30,0.012748599853589,0.012748599853589,0.004419993322352
5,2021-10-31,ESTAGFLACAO,EXPANSAO_INFLACIONARIA,0,2021-10-31,-0.0174395341842622,-0.0174395341842622,0.0048599610251687
5,2021-10-31,ESTAGFLACAO,EXPANSAO_INFLACIONARIA,1,2021-11-30,-0.0092118206022645,-0.0092118206022645,0.0058674909390046
5,2021-10-31,ESTAGFLACAO,EXPANSAO_INFLACIONARIA,2,2021-12-31,-0.0043080584569618,-0.0043080584569618,0.0076908308186334
5,2021-10-31,ESTAGFLACAO,EXPANSAO_INFLACIONARIA,3,2022-01-31,0.0386555044225127,0.0386555044225127,0.0073227032460896
6,2022-02-28,EXPANSAO_INFLACIONARIA,EXPANSAO_DESINFLACIONARIA,-3,2021-11-30,-0.0092118206022645,-0.0092118206022645,0.0058674909390046
6,2022-02-28,EXPANSAO_INFLACIONARIA,EXPANSAO_DESINFLACIONARIA,-2,2021-12-31,-0.0043080584569618,-0.0043080584569618,0.0076908308186334
6,2022-02-28,EXPANSAO_INFLACIONARIA,EXPANSAO_DESINFLACIONARIA,-1,2022-01-31,0.0386555044225127,0.0386555044225127,0.0073227032460896
6,2022-02-28,EXPANSAO_INFLACIONARIA,EXPANSAO_DESINFLACIONARIA,0,2022-02-28,-0.0138323157670862,-0.0138323157670862,0.0075504098703889
6,2022-02-28,EXPANSAO_INFLACIONARIA,EXPANSAO_DESINFLACIONARIA,1,2022-03-31,0.0366430077890493,0.0366430077890493,0.0092705386289309
6,2022-02-28,EXPANSAO_INFLACIONARIA,EXPANSAO_DESINFLACIONARIA,2,2022-04-30,0.0003603838740753,0.0003603838740753,0.0083432052372138
6,2022-02-28,EXPANSAO_INFLACIONARIA,EXPANSAO_DESINFLACIONARIA,3,2022-05-31,0.0079156358242014,0.0079156358242014,0.0103459230153135
7,2022-06-30,EXPANSAO_DESINFLACIONARIA,EXPANSAO_INFLACIONARIA,-3,2022-03-31,0.0366430077890493,0.0366430077890493,0.0092705386289309
7,2022-06-30,EXPANSAO_DESINFLACIONARIA,EXPANSAO_INFLACIONARIA,-2,2022-04-30,0.0003603838740753,0.0003603838740753,0.0083432052372138
7,2022-06-30,EXPANSAO_DESINFLACIONARIA,EXPANSAO_INFLACIONARIA,-1,2022-05-31,0.0079156358242014,0.0079156358242014,0.0103459230153135
7,2022-06-30,EXPANSAO_DESINFLACIONARIA,EXPANSAO_INFLACIONARIA,0,2022-06-30,-0.050864032842775,-0.050864032842775,0.0101531560893695
7,2022-06-30,EXPANSAO_DESINFLACIONARIA,EXPANSAO_INFLACIONARIA,1,2022-07-31,0.0307450006457392,0.0307450006457392,0.0103484243492919
7,2022-06-30,EXPANSAO_DESINFLACIONARIA,EXPANSAO_INFLACIONARIA,2,2022-08-31,0.0202028688006592,0.0202028688006592,0.0116936128000633
7,2022-06-30,EXPANSAO_DESINFLACIONARIA,EXPANSAO_INFLACIONARIA,3,2022-09-30,-0.0089669609387829,-0.0089669609387829,0.0107198224735485
8,2022-09-30,EXPANSAO_INFLACIONARIA,EXPANSAO_DESINFLACIONARIA,-3,2022-06-30,-0.050864032842775,-0.050864032842775,0.0101531560893695
8,2022-09-30,EXPANSAO_INFLACIONARIA,EXPANSAO_DESINFLACIONARIA,-2,2022-07-31,0.0307450006457392,0.0307450006457392,0.0103484243492919
8,2022-09-30,EXPANSAO_INFLACIONARIA,EXPANSAO_DESINFLACIONARIA,-1,2022-08-31,0.0202028688006592,0.0202028688006592,0.0116936128000633
8,2022-09-30,EXPANSAO_INFLACIONARIA,EXPANSAO_DESINFLACIONARIA,0,2022-09-30,-0.0089669609387829,-0.0089669609387829,0.0107198224735485
8,2022-09-30,EXPANSAO_INFLACIONARIA,EXPANSAO_DESINFLACIONARIA,1,2022-10-31,0.0052856145420785,0.0052856145420785,0.0102067586649576
8,2022-09-30,EXPANSAO_INFLACIONARIA,EXPANSAO_DESINFLACIONARIA,2,2022-11-30,0.0117017925690032,0.0117017925690032,0.0102067586649576
8,2022-09-30,EXPANSAO_INFLACIONARIA,EXPANSAO_DESINFLACIONARIA,3,2022-12-31,-0.0201468143136613,-0.0201468143136613,0.0112331468569863
9,2024-08-31,EXPANSAO_DESINFLACIONARIA,EXPANSAO_INFLACIONARIA,-3,2024-05-31,0.0246071677606714,0.0246071677606714,0.0083244202533836
9,2024-08-31,EXPANSAO_DESINFLACIONARIA,EXPANSAO_INFLACIONARIA,-2,2024-06-30,0.0058243053484094,0.0058243053484094,0.0078833696783628
9,2024-08-31,EXPANSAO_DESINFLACIONARIA,EXPANSAO_INFLACIONARIA,-1,2024-07-31,-0.0023407964483594,-0.0023407964483594,0.0090712234242487
9,2024-08-31,EXPANSAO_DESINFLACIONARIA,EXPANSAO_INFLACIONARIA,0,2024-08-31,0.0301509992397104,0.0301509992397104,0.0086751167059184
9,2024-08-31,EXPANSAO_DESINFLACIONARIA,EXPANSAO_INFLACIONARIA,1,2024-09-30,0.0348513573918412,0.0348513573918412,0.0083515740937922
9,2024-08-31,EXPANSAO_DESINFLACIONARIA,EXPANSAO_INFLACIONARIA,2,2024-10-31,-0.005067958747348,-0.005067958747348,0.0092795757550794
9,2024-08-31,EXPANSAO_DESINFLACIONARIA,EXPANSAO_INFLACIONARIA,3,2024-11-30,0.0215583893283779,0.0215583893283779,0.0079299039202747
10,2025-09-30,EXPANSAO_INFLACIONARIA,RECESSAO_DESINFLACIONARIA,-3,2025-06-30,-0.0058691358130326,-0.0058691358130326,0.0109705127204058
10,2025-09-30,EXPANSAO_INFLACIONARIA,RECESSAO_DESINFLACIONARIA,-2,2025-07-31,-0.0241112872399239,-0.0241112872399239,0.0127573250874795
10,2025-09-30,EXPANSAO_INFLACIONARIA,RECESSAO_DESINFLACIONARIA,-1,2025-08-31,0.0137637199862343,0.0137637199862343,0.0116415613879778
10,2025-09-30,EXPANSAO_INFLACIONARIA,RECESSAO_DESINFLACIONARIA,0,2025-09-30,0.0228103289150032,0.0228103289150032,0.0121992894971867
10,2025-09-30,EXPANSAO_INFLACIONARIA,RECESSAO_DESINFLACIONARIA,1,2025-10-31,0.0350687530915549,0.0350687530915549,0.0127573250874795
10,2025-09-30,EXPANSAO_INFLACIONARIA,RECESSAO_DESINFLACIONARIA,2,2025-11-30,0.0331282896665456,0.0331282896665456,0.0105270269352091
10,2025-09-30,EXPANSAO_INFLACIONARIA,RECESSAO_DESINFLACIONARIA,3,2025-12-31,0.0071471376510547,0.0071471376510547,0.0121992894971867
11,2025-12-31,RECESSAO_DESINFLACIONARIA,EXPANSAO_DESINFLACIONARIA,-3,2025-09-30,0.0228103289150032,0.0228103289150032,0.0121992894971867
11,2025-12-31,RECESSAO_DESINFLACIONARIA,EXPANSAO_DESINFLACIONARIA,-2,2025-10-31,0.0350687530915549,0.0350687530915549,0.0127573250874795
11,2025-12-31,RECESSAO_DESINFLACIONARIA,EXPANSAO_DESINFLACIONARIA,-1,2025-11-30,0.0331282896665456,0.0331282896665456,0.0105270269352091
11,2025-12-31,RECESSAO_DESINFLACIONARIA,EXPANSAO_DESINFLACIONARIA,0,2025-12-31,0.0071471376510547,0.0071471376510547,0.0121992894971867
11,2025-12-31,RECESSAO_DESINFLACIONARIA,EXPANSAO_DESINFLACIONARIA,1,2026-01-31,0.0868246670042187,0.0868246670042187,0.0116415613879778
11,2025-12-31,RECESSAO_DESINFLACIONARIA,EXPANSAO_DESINFLACIONARIA,2,2026-02-28,-0.0097761455509378,-0.0097761455509378,0.0099702202530813
11,2025-12-31,RECESSAO_DESINFLACIONARIA,EXPANSAO_DESINFLACIONARIA,3,2026-03-31,-0.0176503178011995,-0.0176503178011995,0.0121205359250438
