data,CDI_MENSAL_PCT,IPCA_MENSAL_PCT,IPCA_12M_PCT,IPCA_VARIACAO_3M_PP,IBC_BR,IBC_BR_VARIACAO_12M_PCT,IBC_BR_DESSAZONALIZADO,IBC_BR_VARIACAO_MENSAL_PCT,IBC_BR_DESSAZONALIZADO_VARIACAO_12M_PCT,IBC_BR_MEDIA_MOVEL_3M,IBC_BR_TENDENCIA_3M_PCT
2004-01-31,1.2605733769261107,0.76,,,68.92338,,72.46389,,,,
2004-02-29,1.079637084871865,0.61,,,69.52865,,73.25925,1.0975949538452712,,,
2004-03-31,1.3744122113807933,0.47,,,78.28649,,74.05623,1.0878899251630436,,73.25979,
2004-04-30,1.1746787431638595,0.37,,,75.0577,,74.40924,0.4766783294261723,,73.90823999999999,
2004-05-31,1.2248546985275555,0.51,,,74.12622,,74.35066,-0.07872678178139081,,74.27204333333333,
2004-06-30,1.2235709087390578,0.71,,,74.80571,,74.98168,0.8487080007090642,,74.58052666666667,1.8028125205746148
2004-07-31,1.2817825606525446,0.91,,,77.93352,,75.26439,0.3770387646689244,,74.86557666666666,1.2953043756239735
2004-08-31,1.286088681307196,0.69,,,77.35959,,75.6032,0.45015976346847175,,75.28309,1.3612748771823835
2004-09-30,1.244123511111228,0.33,,,76.35209,,76.37664,1.0230254804029393,,75.74807666666668,1.5654890789633447
2004-10-31,1.2081107448278505,0.44,,,76.127,,75.83445,-0.7098898301889034,,75.93809666666668,1.4325943213866266
2004-11-30,1.2487574855976735,0.69,,,76.61355,,76.69201,1.1308316998408952,,76.30103333333334,1.3521540273298216
2004-12-31,1.4798770004630146,0.86,7.600644138060408,,75.19809,,76.10127,-0.7702758083925509,,76.20924333333333,0.6088163382630185
2005-01-31,1.3827900930848402,0.58,7.408423852780088,,72.3751,5.008053870834561,76.58051,0.6297398190595382,5.6809260446823995,76.45792999999999,0.6845488050815085
2005-02-28,1.2159170045735745,0.59,7.387072411799478,,72.71063,4.576501916835718,77.06962,0.6386873109097913,5.201213498636692,76.5838,0.3705934956756751
2005-03-31,1.5219750835253176,0.61,7.53671101175617,-0.06393312630423864,80.69393,3.0751666092067698,77.17342,0.13468342000386713,4.209220480167564,76.94118333333334,0.9604346769309435
2005-04-30,1.4080176277084577,0.87,8.072412471414282,0.6639886186341935,78.54658,4.648263935612218,77.72911,0.7200536143143754,4.461636753715004,77.32405,1.1328059757830244
2005-05-31,1.5004349466422706,0.49,8.05090766344061,0.6638352516411317,77.50428,4.557172887002725,77.66362,-0.0842541487996118,4.4558582264098145,77.52205,1.2251285519914168
2005-06-30,1.5844485652490414,-0.02,7.267696834383841,-0.2690141773723287,77.94839,4.201123149556363,77.16947,-0.6362695944381547,2.917766046319592,77.52073333333333,0.7532377003992563
2005-07-31,1.5097698344980426,0.25,6.566114435110215,-1.5062980363040666,79.10669,1.5053471214953484,77.1542,-0.019787618082645064,2.510895258700696,77.32909666666667,0.006526645547766385
2005-08-31,1.6528535842331271,0.17,6.015768030241286,-2.0351396331993232,80.50425,4.064990520244494,77.76065,0.7860233143496931,2.853649051891982,77.36144,-0.20717976369303281
2005-09-30,1.499663076072122,0.35,6.036901443583309,-1.230795390800532,77.56884,1.5936040519650252,77.55178,-0.26860629380027756,1.5386118059134368,77.48887666666667,-0.041094382492068426
2005-10-31,1.4033136017802983,0.75,6.364175830754859,-0.20193860435535615,77.83191,2.23956020859879,77.5771,0.03264915389435963,2.2979661618169445,77.62984333333333,0.3889178583878383
2005-11-30,1.376335169962828,0.55,6.216286421515571,0.20051839127428472,78.11403,1.9585047292548063,78.21667,0.8244314365966066,1.9880297830243254,77.78185,0.5434361097725215
2005-12-31,1.4668308133316543,0.36,5.68973334585865,-0.3471680977246594,77.77726,3.429834454571923,78.84386,0.8018623140054526,3.6038688973258903,78.21254333333333,0.9338974802533873
2006-01-31,1.425621753101125,0.59,5.700241372637915,-0.6639344581169437,75.8915,4.858577052052415,79.43354,0.747908587935675,3.725530164267621,78.83135666666668,1.5477466934645134
2006-02-28,1.1400687625561012,0.41,5.511096890611156,-0.7051895309044154,75.36281,3.6475822035925143,79.50207,0.08627338023712294,3.1561723023936006,79.25982333333333,1.9001519420447366
2006-03-31,1.4183429231021005,0.43,5.322328403976528,-0.36740494188212125,83.25996,3.179954179948874,79.37173,-0.1639454167671417,2.8485325647094717,79.43578,1.5639903965958046
2006-04-30,1.0753528017771519,0.21,4.63319648421221,-1.0670448884257056,78.72864,0.23178603065847625,79.8895,0.6523355355867899,2.7793834253344585,79.58776666666667,0.959529344646981
2006-05-31,1.2782064061021225,0.1,4.227116808335563,-1.2839800822755931,81.92924,5.709310505174692,80.92504,1.2962153975178081,4.1994179514166285,80.06209,1.0121984038403253
2006-06-30,1.1821721523021633,-0.21,4.029045672172504,-1.293282731804024,79.97879,2.6048004326965524,79.95344,-1.2006172625926403,3.6076054429296844,80.25599333333334,1.0325489764604123
2006-07-31,1.1669658942348615,0.19,3.9667838992016646,-0.6664125850105451,83.47792,5.525739984823019,81.47107,1.8981422187713148,5.59511990274022,80.78318333333333,1.502010568625911
2006-08-31,1.2513251089330657,0.05,3.8422354908168144,-0.3848813175187482,84.63702,5.133604747575449,81.4818,0.013170319231115002,4.785389525421935,80.96877,1.132471060897866
2006-09-30,1.0531707618861574,0.21,3.697363413400634,-0.3316822587718704,81.24734,4.742239280618343,81.68226,0.24601812920184152,5.326093095477646,81.54504333333334,1.6061728806297193
2006-10-31,1.0901149047261693,0.33,3.265076637880737,-0.7017072613209274,83.42478,7.185831620989402,82.54063,1.0508646553119227,6.398189671952159,81.90156333333333,1.3844217990089058
2006-11-30,1.0172823242175166,0.31,3.018596096925097,-0.8236393938917175,82.96463,6.2096399328008145,83.14267,0.7293862428721543,6.297890206780732,82.45518666666668,1.8357901036000213
2006-12-31,0.9843018055168962,0.48,3.1417749683044116,-0.5555884450962223,81.30987,4.541957379316286,84.17383,1.2402295957057996,6.7601586223708265,83.28571,2.1346075684223864
2007-01-31,1.0783987059458822,0.44,2.98796975660105,-0.2771068812796873,80.24832,5.740853718795935,83.86701,-0.36450759101730457,5.5813576985238145,83.72783666666666,2.2298394059958815
2007-02-28,0.8697864836083147,0.44,3.018739989572805,0.0001438926477081992,79.22862,5.129599068824553,84.10662,0.28570232800717577,5.79173598876106,84.04915333333334,1.933130869147659
2007-03-31,1.0485538584378729,0.37,2.957193395931723,-0.18458157237268846,87.46425,5.04959406658374,83.58801,-0.6166102026214038,5.31206765935428,83.85388,0.6821938601472066
2007-04-30,0.940622113063494,0.25,2.9982899704835475,0.010320213882497598,84.09883,6.821139041649915,84.6705,1.295030232206762,5.984516112880933,84.12171000000001,0.47042100813068366
2007-05-31,1.0221273226382,0.28,3.183501680720169,0.16476169114736372,86.62074,5.7262828264976084,85.46089,0.9334892317867549,5.605001863452919,84.57313333333333,0.6234209140952629
2007-06-30,0.9014745938903834,0.28,3.6901648315724955,0.7329714356407724,85.55414,6.971035695838856,85.96834,0.5937803830500687,7.523003387971805,85.36657666666667,1.8039674093395242
2007-07-31,0.968144394026571,0.24,3.741911595137548,0.7436216246540006,89.38261,7.073355445368068,86.59619,0.730327001777642,6.2907238115321285,86.00847333333333,2.242897027810442
2007-08-31,0.9878189564727746,0.47,4.177409874697302,0.9939081939771333,90.22167,6.59835377001694,86.74758,0.17482293389581294,6.462522919228575,86.43736999999999,2.2042894630840193
2007-09-30,0.8005621426875331,0.18,4.146222145965228,0.45605731439273267,86.15742,6.043373235357619,87.44112,0.7994920434668096,7.050319126821414,86.92829666666667,1.829427934187966
2007-10-31,0.9240700882339414,0.3,4.115081044954727,0.3731694498171789,90.30392,8.24591925804301,88.2978,0.9797221261575784,6.974952820205038,87.49549999999999,1.7289304286376206
2007-11-30,0.8398340997149978,0.38,4.187736370177997,0.010326495480694753,88.00366,6.0737087599860295,88.25546,-0.04795136458665139,6.149417621541398,87.99812666666666,1.8056503415903036
2007-12-31,0.8394379652957529,0.74,4.457330433237816,0.3111082872725879,85.59183,5.266224137364861,89.02269,0.8693286511678666,5.760531509615285,88.52531666666665,1.8371693237288156
2008-01-31,0.9219485633871871,0.54,4.561330164851984,0.44624911989725735,85.19093,6.159144515424098,89.08048,0.06491603432787763,6.216353724784041,88.78620999999998,1.47517300889759
2008-02-29,0.795025634338975,0.49,4.613381802727745,0.4256454325497483,85.22648,7.570319917221813,89.02341,-0.06406566287024962,5.845901309552071,89.04219333333333,1.1864646512550703
2008-03-31,0.8385388573678876,0.48,4.728032315812292,0.2707018825744756,90.17879,3.103599470640872,88.33665,-0.7714375353628844,5.68100616344378,88.81351333333333,0.3255528220834858
2008-04-30,0.8978211362081989,0.55,5.041432911271104,0.4801027464191199,90.52033,7.6356591405611685,89.5576,1.3821556511368627,5.771904027967234,88.97255333333334,0.20987868874384752
2008-05-31,0.8712220957546979,0.79,5.575648415706214,0.9622666129784685,90.13139,4.052897724032367,90.43939,0.9846065548875904,5.825471745028632,89.44454666666667,0.45186817425657555
2008-06-30,0.9482222674180862,0.74,6.05994038091584,1.3319080651035486,91.29485,6.710031799746918,91.24398,0.8896455405106085,6.136724287103834,90.41365666666667,1.801689037261367
2008-07-31,1.0642423879688723,0.53,6.366777798218992,1.3253448869478879,95.45239,6.7907840238722095,91.28925,0.04961423208413862,5.419476307213955,90.99087333333334,2.2684748547548317
2008-08-31,1.012820831650263,0.28,6.165626332292251,0.5899779165860375,93.59094,3.734435418896598,91.45443,0.18094134851585064,5.425915051463104,91.32922,2.107085790659724
2008-09-30,1.0985183861952352,0.26,6.2504062295430485,0.19046584862720817,92.70295,7.597175031471459,91.47165,0.01882904961518772,4.609421745741593,91.40511,1.0965747541752169
2008-10-31,1.1738591522707509,0.45,6.409305142149502,0.04252734393050961,92.83962,2.8079622678616634,89.62081,-2.023402879471392,1.4983499022625857,90.84896333333334,-0.15596069671749424
2008-11-30,0.9958331782348395,0.36,6.388103846046267,0.2224775137540158,87.09798,-1.0291390153545743,87.41284,-2.463680031456983,-0.9547511281454923,89.50176666666668,-2.0009514297103626
2008-12-31,1.1110594027462728,0.28,5.902313417525473,-0.34809281201757525,83.12494,-2.882155925396157,85.04143,-2.712885200846915,-4.472185686592923,87.35836,-4.427268891203118
2009-01-31,1.042782934820674,0.48,5.839113310055333,-0.570191832094169,80.53637,-5.463680229808487,84.78082,-0.30645063235649195,-4.8267140006430065,85.74503,-5.618042458675654
2009-02-28,0.8527107428278669,0.55,5.902307128331796,-0.48579671771447064,80.57674,-5.455745679042467,85.50501,0.854190841749336,-3.952218860185208,85.10908666666667,-4.907925467393026
2009-03-31,0.9665390536594654,0.2,5.607197196047409,-0.2951162214780645,89.35389,-0.914738376950941,86.04371,0.6300215624792216,-2.595683671499882,85.44318,-2.192325954837071
2009-04-30,0.8356076754340025,0.48,5.533676521719033,-0.3054367883362996,86.05582,-4.932052280410382,86.30667,0.3056121127273492,-3.6299878513939565,85.95179666666667,0.24114128441807825
2009-05-31,0.7664918424195699,0.47,5.198615737048362,-0.7036913912834342,86.97459,-3.502442378842696,87.22501,1.0640429065331913,-3.5541814247088688,86.52512999999999,1.6637980605752611
2009-06-30,0.751435422801805,0.36,4.8017974525528695,-0.8053997434945392,87.81627,-3.8102696921020085,87.76311,0.616910218754918,-3.8149037339230474,87.09826333333335,1.9370572740075254
2009-07-31,0.7840822488530019,0.24,4.499474551316984,-1.0342019704020489,91.88833,-3.7338614570048945,87.96265,0.2273620431181067,-3.6440216126214175,87.65025666666668,1.976061078265623
2009-08-31,0.6914605575986776,0.15,4.364004550402889,-0.8346111866454731,91.37462,-2.3680924670700043,89.39071,1.6234845130291164,-2.256555532629756,88.37215666666667,2.134670779075032
2009-09-30,0.6915370579241742,0.24,4.343185878040923,-0.4586115745119468,90.75108,-2.105510126700394,90.14438,0.8431189326049582,-1.4510178836830812,89.16591333333334,2.3739279302124494
2009-10-31,0.6911998526020868,0.28,4.166597111497716,-0.332877439819268,92.6214,-0.2350505096854194,90.83889,0.7704418178925865,1.359148617380268,90.12466,2.823041742756627
2009-11-30,0.6590201665903406,0.41,4.218493582756877,-0.145510967646012,90.62036,4.044158084952132,90.94536,0.11720750881036857,4.0411912025738905,90.64287666666667,2.569497096879725
2009-12-31,0.7238801880998791,0.37,4.312028329689976,-0.031157548350946307,90.34606,8.687067924500159,92.3091,1.499515753195113,8.546034562212789,91.36444999999999,2.4656694295809523
2010-01-31,0.6582040932865407,0.75,4.59232538033707,0.4257282688393538,87.95497,9.211490411102453,93.57618,1.3726490671017277,10.374233228694862,92.27688,2.388047843953034
2010-02-28,0.5925054573099997,0.78,4.831571873002205,0.613078290245328,89.21251,10.717447739881258,94.52454,1.0134630415560952,10.548539787317734,93.46994000000001,3.1189029268451796
2010-03-31,0.7569307155250504,0.52,5.166363320101608,0.8543349904116315,100.28025,12.228186148359054,95.56427,1.099957746422242,11.064794858334203,94.55499666666667,3.49210953129655
2010-04-30,0.6639629599957564,0.57,5.260560898712385,0.6682355183753153,95.68569,11.190259996360496,95.90683,0.3584603325071267,11.123311790386548,95.33188,3.310688441134979
2010-05-31,0.7500982660092692,0.43,5.218653638475956,0.3870817654737513,95.44154,9.734969719316865,95.23393,-0.7016184353085153,9.181907803736578,95.56834333333332,2.245003402519896
2010-06-30,0.7908287555662641,0.0,4.841225227656443,-0.3251380924451652,95.14174,8.341814108023481,95.01107,-0.2340132345688084,8.258549634350931,95.38394333333333,0.8766820325624147
2010-07-31,0.8592218480582225,0.01,4.6006677475849855,-0.6598931511273998,99.0216,7.762977083161715,95.5805,0.5993301622642555,8.66032344409815,95.27516666666668,-0.059490417406349305
2010-08-31,0.8863076655987401,0.04,4.485779345665519,-0.732874292810437,98.95645,8.297522878891339,96.18092,0.6281825267706376,7.596102548016459,95.59083,0.023529409302658344
2010-09-30,0.8445660740826533,0.45,4.704674134797493,-0.13655109285894973,97.49819,7.434743476331063,97.02072,0.8731461499848381,7.628140545200934,96.26071333333334,0.9192008312510325
2010-10-31,0.805671202661773,0.75,5.195412037104585,0.5947442895195998,97.40577,5.165512505749215,96.85487,-0.17094286663713598,6.622692109073536,96.68550333333333,1.4802773020601512
2010-11-30,0.805634927178267,0.83,5.635428699345257,1.149649353679738,97.65189,7.759326932711352,97.98456,1.1663739778908333,7.740032036818589,97.28671666666666,1.7741102014352972
2010-12-31,0.9271585500567836,0.63,5.909068347266211,1.204394212468718,95.56006,5.77114264861136,96.92949,-1.0767716872944089,5.0053461684709255,97.25630666666666,1.0342675623914888
2011-01-31,0.8605991060403717,0.83,5.993164877963819,0.7977528408592338,92.74658,5.447799027161282,98.10532,1.213077671202023,4.840056518656799,97.67312333333332,1.0214768149833908
2011-02-28,0.8424286636688372,0.8,6.014199441345025,0.3787707419997677,95.20606,6.71828424062948,98.57375,0.4774766546808973,4.2837658876731854,97.86952000000001,0.5990574595401421
2011-03-31,0.9188525213828402,0.79,6.298957040321995,0.38988869305578433,101.32568,1.0425083702922722,98.52938,-0.045011983413434375,3.102739130430243,98.40281666666668,1.1788541425180155
2011-04-30,0.8388017383194724,0.77,6.510350014450106,0.5171851364862867,97.79573,2.205178224664528,98.53672,0.007449554640448497,2.7421300443357444,98.54661666666668,0.8943026530976672
2011-05-31,0.9852655906226637,0.47,6.5527717410316155,0.5385722996865905,100.13533,4.917973871754366,98.81828,0.2857411937397636,3.763732106823703,98.62812666666666,0.7751204528914091
2011-06-30,0.952667163335974,0.15,6.712600898643162,0.41364385832116657,99.09846,4.158763545842237,99.12699,0.31240171352913126,4.332042571460359,98.82733,0.4314036403768151
2011-07-31,0.9665972897116903,0.16,6.872653794701455,0.36230378025134957,101.50768,2.510644142288143,99.268,0.14225187307714826,3.8580045092879933,99.07108999999998,0.5322083609499595
2011-08-31,1.0723828601227003,0.37,7.2251925367271985,0.672420795695583,103.1244,4.211903317065224,99.21621,-0.052171898295516606,3.155813024038445,99.20373333333333,0.5836130991436539
2011-09-30,0.9397861596021517,0.53,7.310588409329877,0.597987510686715,99.48731,2.040160950680203,99.06658,-0.15081204976485907,2.108683588412874,99.18359666666667,0.36049407250673404
2011-10-31,0.8807435891683868,0.43,6.9697508084267445,0.09709701372528912,99.28642,1.9307377786757396,99.00175,-0.06544083786883537,2.2165947876446435,99.09484666666667,0.02397941383978086
2011-11-30,0.8586153756822146,0.52,6.640874256303286,-0.5843182804239122,99.18257,1.5674863026204688,99.49213,0.4953245775958459,1.53857913940727,99.18682000000001,-0.017049089550380536
2011-12-31,0.9046652209716566,0.5,6.503109040628829,-0.8074793687010473,97.33945,1.8620645487246623,98.55546,-0.9414513489660048,1.6774771021698331,99.01644666666668,-0.16852585066232662
2012-01-31,0.8853011335214322,0.56,6.21791773406366,-0.7518330743630841,93.21854,0.5088705157645812,97.40518,-1.1671398012854883,-0.7136616036724663,98.48425666666667,-0.616167258479039
2012-02-29,0.7415946132578899,0.45,5.8491055197092745,-0.7917687365940118,94.6249,-0.6104233280948668,98.26666,0.8844293496506062,-0.31153324287652717,98.07576666666667,-1.1201622688713497
2012-03-31,0.8082997820865412,0.21,5.239992698978724,-1.2631163416501057,102.31432,0.9757052703717184,98.06309,-0.20716080102854972,-0.47324970480886464,97.91164333333334,-1.115777601121759
2012-04-30,0.6999081703227716,0.64,5.10422611119592,-1.1136916228677407,97.77105,-0.025236275653350848,98.38205,0.325259993336946,-0.15696686473833932,98.23726666666668,-0.25079135321695034
2012-05-31,0.7324825465300666,0.36,4.9891523093423595,-0.859953210366915,101.0635,0.9269156051116001,99.62478,1.263167417227029,0.8161445432970593,98.68997333333334,0.6262573187464371
2012-06-30,0.6385819851558061,0.08,4.915769976225448,-0.3242227227532757,99.46796,0.3728614955267773,100.33945,0.7173616845126185,1.2231381180846768,99.44876000000001,1.5699018158991107
2012-07-31,0.6754136133780175,0.43,5.198590043054341,0.09436393185842107,103.09105,1.5598524170781891,100.51105,0.17101947439417398,1.2522162227505351,100.15842666666667,1.9556325874973357
2012-08-31,0.6865562605562481,0.41,5.240514359102222,0.2513620497598623,104.80294,1.6276846216802365,100.81136,0.2987830691252302,1.607751394656165,100.55395333333333,1.8887227719722288
2012-09-30,0.5371841472767924,0.57,5.282388631203716,0.36661865497826795,98.99252,-0.49733981147946915,100.41049,-0.3976436782521353,1.3565725192087985,100.57763333333332,1.1351306274038242
2012-10-31,0.6072902289131266,0.59,5.450119211518278,0.2515291684639376,103.26438,4.006549939055115,101.2612,0.8472321965563578,2.282232384781069,100.82768333333333,0.6681980627491146
2012-11-30,0.5444922749645587,0.6,5.534042903688174,0.29352854458595257,100.78053,1.6111298588048273,101.10574,-0.153523758359575,1.6218468737175362,100.92581,0.369808102356739
2012-12-31,0.5342390061951363,0.79,5.838568997639171,0.5561803664354548,97.53811,0.2040899142125907,100.65859,-0.44225975696334796,2.13395584577456,101.00851,0.42840207348950887
2013-01-31,0.5866372510562767,0.86,6.1543165185151905,0.7041973069969121,97.40116,4.4868971344112385,101.5499,0.8854783282777889,4.255133043232395,101.10474333333333,0.27478564501384195
2013-02-28,0.4815787621320178,0.6,6.312834661648847,0.7787917579606729,95.17534,0.5817073518703975,100.29752,-1.2332656162142852,2.066682636817019,100.83533666666666,-0.08964340571885332
2013-03-31,0.5377055735255043,0.47,6.588668780120321,0.7500997824811506,103.4762,1.135598614152955,101.3796,1.0788701455429761,3.3820166180771993,101.07567333333333,0.06649274732726251
2013-04-30,0.6008402637849075,0.55,6.493349024653217,0.33903250613802616,104.72242,7.109844887622652,102.47335,1.0788659651448596,4.158583806700511,101.38349000000001,0.2757008795795768
2013-05-31,0.584866710955434,0.37,6.503960159470323,0.19112549782147603,102.78919,1.7075304140466097,102.61634,0.13953871909135884,3.0028272082508023,102.15643,1.3101491768709117
2013-06-30,0.5919379792715729,0.26,6.695514044649253,0.10684526452893195,101.28367,1.8254219750761802,102.28408,-0.323788589614471,1.9380512849133558,102.45792333333334,1.3675397396973432
2013-07-31,0.708798623698681,0.03,6.270559293898881,-0.22278973075433584,106.35373,3.164852817000119,102.66998,0.3772825644029698,2.147952886772142,102.52346666666666,1.1244204225625554
2013-08-31,0.6957961801975943,0.24,6.090637024404177,-0.41332313506614593,106.13135,1.2675312352878665,102.92891,0.2521964063887161,2.1005073237778005,102.62765666666667,0.46127949720509154
2013-09-30,0.6991410738331982,0.35,5.858560459371187,-0.8369535852780663,102.95758,4.005413742371644,103.41456,0.4718305090377406,2.9917890053120955,103.00448333333333,0.5334482509681715
2013-10-31,0.8033685199359653,0.57,5.83751292771606,-0.433046366182821,106.1983,2.841173306807243,103.38675,-0.026891764563896636,2.0990764478398427,103.24340666666666,0.7022197194528346
2013-11-30,0.7105239649528361,0.54,5.774389162550464,-0.31624786185371345,103.32211,2.521895846350475,103.67138,0.27530607161943,2.537580952377194,103.49089666666667,0.8411377868675185
2013-12-31,0.7803853615363066,0.92,5.910818080013747,0.052257620642559566,101.91129,4.483560323241842,103.98092,0.2985780646500569,3.3005926270177177,103.67968333333334,0.6555054480638534
2014-01-31,0.8397794696763494,0.55,5.585294050618539,-0.2522188770975209,99.77535,2.4375377048897473,104.10493,0.11926226465392986,2.5160339892013717,103.91907666666667,0.6544437284808691
2014-02-28,0.7826750272535987,0.69,5.679754055236441,-0.0946351073140228,100.34283,5.429442122297656,103.33983,-0.7349315733654382,3.033285369369043,103.80856,0.3069480926003454
2014-03-31,0.7599512285523025,0.92,6.153088277639673,0.24227019762592672,104.18827,0.6881485790935393,103.23255,-0.10381282802575109,1.827734573819595,103.55910333333333,-0.11630050953410631
2014-04-30,0.8154499042398511,0.67,6.279775205469762,0.6944811548512231,103.25461,-1.4016196340764453,102.77838,-0.4399484464928993,0.297667637488197,103.11692000000001,-0.771905113475635
2014-05-31,0.85829347025701,0.46,6.37507439614915,0.6953203409127084,102.87004,0.07865613105813019,102.39281,-0.375146991030606,-0.21783080550329403,102.80124666666667,-0.9703567156054693
2014-06-30,0.8174009240591751,0.4,6.523613299155984,0.3705250215163103,98.49347,-2.754836984086373,100.21911,-2.122902965550022,-2.018857675603092,101.79676666666667,-1.701768951198901
2014-07-31,0.9404189181517753,0.01,6.502314965996114,0.22253976052635238,104.76153,-1.4970796040721934,101.02896,0.8080794171889893,-1.598344520959294,101.21362666666666,-1.845762396058137
2014-08-31,0.859527480455613,0.25,6.512939698135556,0.13786530198640623,103.66027,-2.3283224042660366,101.84135,0.804115968332253,-1.056612763119702,101.02980666666667,-1.723169764413357
2014-09-30,0.9005823511426536,0.57,6.746450876347665,0.2228375771916813,103.55409,0.5793745346384549,102.43093,0.5789200555569973,-0.9511523329016613,101.76708,-0.029162681329431006
2014-10-31,0.9448030786096018,0.42,6.587238709384868,0.08492374338875397,104.66042,-1.4481211092832957,101.53761,-0.8721193881574663,-1.7885657494795093,101.93663,0.7143339855950837
2014-11-30,0.8378554598101662,0.51,6.55543428168166,0.04249458354610436,101.3161,-1.941510873132568,101.70587,0.16571199578165885,-1.8959041540683619,101.89147000000001,0.852880314990867
2014-12-31,0.9558455495306095,0.78,6.407616596391974,-0.33883427995569093,101.70469,-0.20272533102072554,102.14826,0.43496997764238543,-1.7624964272291543,101.79724666666668,0.029642853727041008
2015-01-31,0.9293490253520886,1.24,7.137813070300547,0.5505743609156788,96.24376,-3.539541580159833,101.21789,-0.9108035712013018,-2.7732019991752566,101.69067333333332,-0.24128389045887655
2015-02-28,0.81852915698577,1.22,7.701752298895825,1.1463180172141652,95.89662,-4.431019137092318,100.7847,-0.42797770236071564,-2.4725509999387496,101.38361666666667,-0.49842575961790425
2015-03-31,1.0361244114270196,1.32,8.128632014705971,1.7210154183139972,104.37879,0.18286127603424074,100.49469,-0.2877520099777042,-2.652128616410232,100.83242666666666,-0.947785948631108
2015-04-30,0.9482741535211003,0.71,8.171595611413963,1.0337825411134158,99.53224,-3.605040007414684,99.08075,-1.4069798115701526,-3.5976729736351243,100.12004666666667,-1.5445139806659292
2015-05-31,0.98383851613566,0.74,8.473089208578966,0.7713369096831402,97.62422,-5.0994633617329255,98.45096,-0.6356330568753288,-3.8497331990400507,99.34213333333334,-2.013622516590041
2015-06-30,1.0658271946613729,0.79,8.894448818054524,0.7658168033485531,96.87559,-1.6426266634732234,97.54178,-0.9234851544362765,-2.6714765277799812,98.35782999999999,-2.454167521770778
2015-07-31,1.177313530540025,0.62,9.558638536872754,1.3870429254587915,99.90267,-4.638019318732733,96.38486,-1.1860763664554796,-4.596800758911101,97.45920000000001,-2.6576562389403535
2015-08-31,1.1074797767651967,0.22,9.52585290938044,1.0527637008014743,98.28651,-5.184011193488103,96.86689,0.5001096645261383,-4.884518911031721,96.93117666666666,-2.4269225813552175
2015-09-30,1.1074797767651967,0.54,9.493181381218129,0.5987325631636047,96.49446,-6.817335751779574,96.15685,-0.7330058805439021,-6.125181134253099,96.46953333333333,-1.9198234311052387
2015-10-31,1.107727360465649,0.82,9.929322314821931,0.37068377794917673,97.76447,-6.588880495606652,96.48884,0.3452588141146462,-4.9723151844917375,96.50419333333333,-0.9799040692583971
2015-11-30,1.0551726062739464,1.01,10.476179952444099,0.950327043063659,95.18659,-6.049887431513856,95.57453,-0.9475810881341307,-6.028501599760183,96.07340666666666,-0.8849268413915534
2015-12-31,1.161300302184487,0.96,10.673497995621716,1.180316614403587,95.36546,-6.232977063299638,95.20894,-0.38251822949063596,-6.793380523564474,95.75743666666666,-0.7381570554572336
2016-01-31,1.0549251512649294,1.27,10.706293382226528,0.7769710674045971,88.85323,-7.678970563909804,94.66226,-0.5741897767163384,-6.476750305701884,95.14857666666667,-1.4047230693740476
2016-02-29,1.0014792075630607,0.9,10.35630312454705,-0.11987682789704834,91.53233,-4.551036313897194,94.74393,0.08627514280770132,-5.99373714462611,94.87171000000001,-1.250810925062773
2016-03-31,1.1605217717308935,0.43,9.386927781269838,-1.2865702143518778,98.00923,-6.10235087032528,94.09411,-0.6858697966191651,-6.369072833599477,94.50010000000002,-1.3130433629332194
2016-04-30,1.054465593570142,0.61,9.27831202535554,-1.4279813568709887,95.08189,-4.471264788173157,94.068,-0.027748814458206095,-5.059257222013358,94.30201333333333,-0.889727795192452
2016-05-31,1.1074797767651967,0.78,9.321702262411446,-1.0346008621356049,93.27338,-4.456721907739691,93.81383,-0.2701981545265131,-4.710091196672939,93.99198,-0.9272838025160546
2016-06-30,1.1605217717308935,0.35,8.84445700995129,-0.5424707713185484,94.58694,-2.3624630311928962,94.04903,0.2507093037348529,-3.5807732850477003,93.97695333333333,-0.5535937704475358
2016-07-31,1.1074797767651967,0.52,8.73628323037472,-0.5420287949808191,95.44785,-4.459160100525839,93.70009,-0.3710192438986293,-2.785468589153939,93.85431666666666,-0.4747477289633095
2016-08-31,1.2135915930575614,0.44,8.974977925153048,-0.34672433725839724,96.37444,-1.9454043082819839,93.41168,-0.3078011984833706,-3.5669669997663744,93.72026666666666,-0.28908140176783226
2016-09-30,1.1074797767651967,0.08,8.476385426191712,-0.36807158375957805,93.74539,-2.8489407578424775,93.56455,0.16365191162388548,-2.695907779840967,93.55877333333332,-0.4449814397757046
2016-10-31,1.0474361045558434,0.26,7.873858389505872,-0.8624248408688482,92.8571,-5.0195843131968125,93.12335,-0.47154611442046246,-3.4879577783295868,93.36652666666667,-0.5197310228494123
2016-11-30,1.0368927878631196,0.18,6.987458008718916,-1.987519916434132,92.74189,-2.5683239624404997,93.09519,-0.030239461960934744,-2.594143021158457,93.26103,-0.490007853157326
2016-12-31,1.1217581886066474,0.3,6.288055054224473,-2.188330371967239,93.57915,-1.8731205197353384,92.76336,-0.3564416163713724,-2.568645339397746,92.99396666666667,-0.6036918255162949
2017-01-31,1.0845645344202737,0.38,5.353954442016962,-2.5199039474889107,88.5561,-0.3344054009066344,93.05591,0.3153723625362259,-1.6969275823332408,92.97148666666668,-0.42310666799285634
2017-02-28,0.8638119199916305,0.33,4.758793351512036,-2.2286646572068802,90.61713,-0.9998652934979368,94.62367,1.684750597785789,-0.1269316145108168,93.48098,0.2358434171271684
2017-03-31,1.0504070439588453,0.25,4.571034884885772,-1.717020169338701,98.95999,0.9700719003710168,94.50972,-0.12042441389137348,0.4416960849090268,94.0631,1.1496803197626804
2017-04-30,0.785293106814855,0.14,4.082530895263514,-1.2714235467534474,93.67556,-1.4790724080053441,94.60644,0.10233868008497904,0.5723944380660928,94.57994333333335,1.7300537232813218
2017-05-31,0.925556088908075,0.31,3.5971291337952405,-1.1616642177167957,94.70514,1.5350145990206343,94.16546,-0.46612048820355856,0.3748168047291056,94.42720666666668,1.0122130369907056
2017-06-30,0.8081074457169546,-0.23,2.99836147163679,-1.5726734132489817,94.46268,-0.1313712019862301,94.97563,0.8603685470235156,0.9852307886641709,94.58251,0.552193155445635
2017-07-31,0.7971612534896311,0.24,2.711457957788199,-1.371072937475315,96.6825,1.2935335892846123,95.01986,0.04656984112660911,1.4085045169113464,94.72031666666665,0.1484176542996707
2017-08-31,0.8014550514662266,0.19,2.455804189474309,-1.1413249443209317,97.8799,1.5620946798756918,94.70182,-0.3347089755762589,1.3811334942268383,94.89910333333331,0.499746506674148
2017-09-30,0.6377195761535948,0.16,2.5377033135266736,-0.46065815811011657,94.39101,0.6886951987719048,94.75708,0.05835157127920265,1.2745532362417267,94.82625333333334,0.257704445920659
2017-10-31,0.6431483845478869,0.42,2.701338188154323,-0.010119769633876174,95.14566,2.4646042144327085,94.93723,0.1901177199635118,1.9478251158275617,94.79871000000001,0.08276295528999444
2017-11-30,0.567443846715121,0.28,2.8038549960881287,0.34805080661381993,94.73784,2.1521558381007777,95.0345,0.10245717091177386,2.0831473677641155,94.90960333333334,0.01106438272988619
2017-12-31,0.5376562681593589,0.44,2.9473499083459087,0.40964659481923515,95.16699,1.6967882268646317,96.23112,1.2591427323761506,3.738286323393192,95.40095000000001,0.6060522760996223
2018-01-31,0.583386199996716,0.29,2.855048040526098,0.15370985237177504,91.14201,2.920081168886157,95.81567,-0.4317210482430278,2.965700942583882,95.69376333333332,0.9441619335677665
2018-02-28,0.46493268577765257,0.32,2.8447963662471265,0.04094137015899779,91.00423,0.42718192465376337,95.53048,-0.2976444249672361,0.958333152793589,95.85909,1.000411584623273
2018-03-31,0.5315638694022962,0.09,2.680655045363345,-0.26669486298256384,98.66088,-0.3022534662746046,95.31633,-0.22416929130891772,0.8534677702991766,95.55415999999998,0.16059588505143996
2018-04-30,0.5175140582148297,0.22,2.7626847278442,-0.0923633126818979,97.2472,3.8127767797705214,95.98808,0.7047585655049815,1.4604079806829207,95.61162999999999,-0.08582934819610921
2018-05-31,0.5175140582148297,0.4,2.8548853222565285,0.010088956009401961,92.58661,-2.2369746774040022,93.16104,-2.9451990288794194,-1.0666543762436809,94.82181666666666,-1.082081348084285
2018-06-30,0.5175140582148297,1.26,4.3909560762924515,1.7103010309291067,95.68701,1.2960991578896408,95.72684,2.754155599808672,0.7909502679792624,94.95865333333332,-0.6232137529822546
2018-07-31,0.5422242786957465,0.33,4.4846829921629805,1.7219982643187803,98.59308,1.9761383911255814,96.21743,0.512489496153834,1.2603365233331276,95.03510333333332,-0.6029880116745878
2018-08-31,0.5669405736901778,-0.09,4.192680684170136,1.3377953619136074,100.0727,2.240296526661756,96.78176,0.5865153538189727,2.1963041470586475,96.24201,1.4977495509560068
2018-09-30,0.46811183482213803,0.48,4.525564648017344,0.13460857172489238,95.07919,0.7290736691979438,96.41957,-0.3742337399113338,1.7544757605447492,96.47292,1.5946589526192545
2018-10-31,0.5430424944385503,0.45,4.556791166036045,0.07210817387306445,97.79599,2.785550071332721,96.63611,0.22458096421713591,1.7894771102969775,96.61248,1.6597831867810608
2018-11-30,0.49355337739502847,-0.21,4.045893403058787,-0.1467872811113491,96.50606,1.8664347846647056,96.78641,0.15553192279780248,1.8434463273863777,96.61403,0.3865463740834185
2018-12-31,0.49355337739502847,0.15,3.745482121827348,-0.7800825261899957,95.5904,0.4449126740269982,97.06557,0.2884289230275172,0.8671311318001695,96.82936333333333,0.3694750126080226
2019-01-31,0.5430424944385503,0.32,3.7765157688874673,-0.7802753971485776,92.15871,1.1155119357143972,97.10749,0.04318730112027325,1.3482345841760557,96.98649,0.38712389952104687
2019-02-28,0.49355337739502847,0.43,3.8903058081077413,-0.15558759495104546,93.89772,3.179511545781999,96.48821,-0.6377262969107789,1.0025386661932423,96.88709,0.2826297588455873
2019-03-31,0.46881795441464647,0.75,4.575365272922949,0.8298831510956006,97.08962,-1.592586646297911,95.72091,-0.7952266914268535,0.4244603207026687,96.43887,-0.40327987285124767
2019-04-30,0.5182948902365592,0.57,4.940575588683482,1.164059819796015,97.50931,0.2695296111353329,95.67285,-0.05020846542307389,-0.3284053603322401,95.96065666666668,-1.0577074532064468
2019-05-31,0.5430424944385503,0.13,4.658364877439025,0.7680590693312839,97.49387,5.300183255440505,97.07555,1.4661421709502909,4.20187451750218,96.15643666666666,-0.7541286804396141
2019-06-30,0.46881795441464647,0.01,3.366413898801901,-1.2089513741210478,94.62383,-1.111101705445705,96.73976,-0.3459058434384432,1.058135837347196,96.49605333333334,0.05929490187239761
2019-07-31,0.5677961915006913,0.19,3.222176901434848,-1.7183986872486345,99.99077,1.4176349902041752,96.37548,-0.37655665054369125,0.16426337722801332,96.73026333333333,0.8020022928146409
2019-08-31,0.5017194899630484,0.11,3.4288072225266975,-1.2295576549123277,99.4022,-0.670012900621253,96.64917,0.28398302140753007,-0.13699895517502725,96.58813666666667,0.44895590452933565
2019-09-30,0.4637599908109413,-0.04,2.8935466755948713,-0.4728672232070297,96.74459,1.7515925409124833,97.00754,0.3707947000476164,0.6098035907025956,96.67739666666667,0.18792823858495566
2019-10-31,0.4792640983502183,0.1,2.5350325756799297,-0.6871443257549181,99.89953,2.150947088934818,98.06511,1.0901936076309182,1.4787432979245674,97.24060666666666,0.5275942768548925
2019-11-30,0.38038559813271533,0.51,3.2748384024610333,-0.15396882006566415,97.45295,0.9811715450822378,97.82829,-0.24149261648716003,1.0764734429141276,97.63364666666666,1.082441421981395
2019-12-31,0.37470387078872847,1.15,4.306039984113186,1.4124933085183144,96.50296,0.9546565345474045,97.59387,-0.2396239370022757,0.5442712591086529,97.82909,1.1912746650639017
2020-01-31,0.3766333675290445,0.21,4.1916693262358695,1.6566367505559398,92.45205,0.3182987261866055,97.6733,0.08138830850750178,0.5826636029826249,97.69848666666667,0.4708732449290265
2020-02-29,0.293728631555501,0.25,4.004927312109352,0.7300889096483187,94.1468,0.26526735686445146,97.79657,0.12620644536429637,1.3559791398348064,97.68791333333333,0.05558193155679181
2020-03-31,0.33836914846629984,0.07,3.302958571938297,-1.0030814121748888,95.44446,-1.6944756813344064,91.3612,-6.580363708052339,-4.554605676022105,95.61035666666668,-2.267968896913297
2020-04-30,0.2849249027840228,-0.31,2.39904484475022,-1.7926244814856496,83.95815,-13.897298627177236,83.03874,-9.109403116421399,-13.205533231214496,90.73217,-7.130424333423657
2020-05-31,0.23580961930711464,-0.38,1.8774877402777834,-2.1274395718315686,84.24757,-13.586802944636423,85.40683,2.8517894178066605,-12.020246086681974,86.60225666666666,-11.348033025170567
2020-06-30,0.21233217736713605,0.26,2.1321559928031864,-1.1708025791351107,88.87497,-6.075488595209045,89.37575,4.647075649570409,-7.612185517102798,85.94044000000001,-10.11387992242263
2020-07-31,0.19434641302638056,0.36,2.305451396723557,-0.09359344802666314,95.42843,-4.562761142853478,91.66985,2.566803635214243,-4.882600844115126,88.81747666666666,-2.1102695254983206
2020-08-31,0.1598895978929482,0.24,2.438302347493404,0.5608146072156206,95.08457,-4.34359601698956,93.56053,2.0624883754037038,-3.1957232534950863,91.53537666666666,5.696294981073824
2020-09-30,0.15696620595304633,0.64,3.135161547136245,1.0030055543330585,95.84977,-0.9249302725868103,95.34074,1.902736121738502,-1.7182169550944315,93.52370666666667,8.82386297611073
2020-10-31,0.15696620595304633,0.86,3.9182057307108664,1.6127543339873096,97.85744,-2.0441437512268568,97.29482,2.049575029520434,-0.7854883352499176,95.39869666666668,7.409825461152697
2020-11-30,0.14948604084066286,0.89,4.311091196611461,1.8727888491180567,96.85416,-0.6144400964773311,97.44269,0.15198136961454,-0.394160012405409,96.69275,5.634295199455308
2020-12-31,0.1644469297589657,1.35,4.517341500509886,1.3821799533736412,97.53569,1.0701537030574082,97.68774,0.25148115266522275,0.0961843197733625,97.47508333333333,4.225000064154849
2021-01-31,0.14948604084066286,0.25,4.559060826525441,0.6408550958145742,90.8087,-1.7775160204668183,97.89283,0.20994446181270554,0.22475947879307956,97.67442,2.3854868177968225
2021-02-28,0.13452738652959262,0.86,5.195280548262882,0.884189351651421,94.2673,0.12799160460048586,98.78724,0.9136624204244548,1.012990537398184,98.12260333333334,1.4787596105533707
2021-03-31,0.20107988327939808,0.93,6.09932712837189,1.5819856278620037,101.08515,5.90991871083979,95.27117,-3.559234978120651,4.2796832791162975,97.31707999999999,-0.162096125420097
2021-04-30,0.20778480243350828,0.31,6.7591885269032925,2.200127700377852,97.56692,16.20899221814678,96.32836,1.1096641302925203,16.00412048641393,96.79558999999999,-0.8997545109558969
2021-05-31,0.27032626398217907,0.83,8.055902220112966,2.860621671850084,96.05172,14.01126465724769,96.98365,0.6802669535742156,13.554911240705225,96.19439333333332,-1.9651027739752025
2021-06-30,0.3077789683316512,0.53,8.346896570795526,2.247569442423636,96.55048,8.636301086796404,96.79721,-0.19223858866931343,8.303661787453542,96.70307333333334,-0.6309341244791322
2021-07-31,0.3556161780191802,0.96,8.994646052087663,2.235457525184371,99.83978,4.622679006664998,96.31464,-0.4985370962654945,5.066867677867926,96.69850000000001,-0.10030415641867352
2021-08-31,0.42795247734248587,0.87,9.679668268895437,1.6237660487824712,99.32829,4.463100585089674,97.07568,0.7901602497813576,3.757086455153691,96.72917666666666,0.5559402318596751
2021-09-30,0.44199933223521004,1.16,10.246375616866722,1.899479046071196,97.24746,1.4582090285662597,96.95969,-0.11948409735580423,1.698067373926393,96.78333666666667,0.08299977505024092
2021-10-31,0.4859961025168724,1.25,10.672670347092584,1.6780242950049207,96.62082,-1.2636954328664296,97.48142,0.5380895916643258,0.19178821647443112,97.17226333333333,0.48993865813153903
2021-11-30,0.5867490939004627,0.95,10.738488170671022,1.0588199017755855,98.05768,1.2426105393924303,98.97262,1.5297274085666945,1.5700818604248434,97.80457666666666,1.1117638307890143
2021-12-31,0.7690830818633421,0.73,10.061054893257904,-0.18532072360881813,99.33126,1.8409363792884381,99.35339,0.38472256266430804,1.7050757853544374,98.60247666666667,1.8796004174410186
2022-01-31,0.7322703246089635,0.54,10.379435999682297,-0.2932343474102872,90.45032,-0.3946538162092339,97.34401,-2.0224574118709038,-0.5606335009417984,98.55667333333334,1.4246966701300545
2022-02-28,0.7550409870388908,1.01,10.543593400038787,-0.19489477063223504,95.72214,1.5433135350222171,98.43725,1.1230685894283665,-0.35428664673695653,98.37821666666667,0.5865165205459322
2022-03-31,0.9270538628930902,1.62,11.299315974556002,1.2382610812980985,104.61484,3.4917987459087696,99.55981,1.140381308904903,4.501508693553369,98.44702333333333,-0.15765662140401204
2022-04-30,0.834320523721388,1.06,12.13148113237592,1.752045132693624,100.42352,2.927836606915535,99.51646,-0.04354166605983201,3.3096172300659754,99.17117333333333,0.6234991291981462
2022-05-31,1.0345923015313563,0.47,11.73113070881493,1.1875373087761432,99.79777,3.90003427320198,99.67415,0.1584561991051503,2.7741789466575018,99.58347333333332,1.225125548626682
2022-06-30,1.0153156089369508,0.67,11.886729617590742,0.5874136430347399,99.53784,3.094091298147883,99.6343,-0.039980275728457304,2.930962576297391,99.60830333333332,1.1795988956090575
2022-07-31,1.0348424349291951,-0.68,10.06923519828753,-2.0622459340883914,103.95861,4.125439779614881,101.27684,1.6485688161607115,5.152072415989939,100.19509666666666,1.0324808096116023
2022-08-31,1.1693612800063313,-0.36,8.727060525006136,-3.0040701838087944,104.56278,5.269888367150988,101.07328,-0.20099363289771688,4.118024205444648,100.66147333333333,1.0825089383974973
2022-09-30,1.0719822473548524,-0.29,7.168596332032062,-4.71813328555868,101.38087,4.2504040722503245,101.17973,0.10531962552320362,4.352365400508207,101.17661666666667,1.5744805210516244
2022-10-31,1.0206758664957682,0.59,6.470015852238076,-3.5992193460494537,100.20398,3.7084760820701,101.46342,0.28038224652309207,4.084880995783613,101.23881,1.041681048330756
2022-11-30,1.0206758664957682,0.41,5.900488278585692,-2.8265722464204446,99.36927,1.337569887437673,100.66227,-0.7895949101656474,1.7071893216527911,101.10180666666668,0.43743978580088605
2022-12-31,1.1233146856986398,0.62,5.784841959607756,-1.3837543724243062,99.97806,0.6511545308093281,100.58196,-0.07978163019770612,1.2365657578468081,100.90255,-0.27087945386591317
2023-01-31,1.1233146856986398,0.53,5.774320292414625,-0.6956955598234504,93.79237,3.6949012452360597,100.05178,-0.5271124165804664,2.7816503552709593,100.43200333333334,-0.7969341665184149
2023-02-28,0.9181412243290277,0.84,5.596301933344128,-0.30418634524156385,98.75065,3.1638553003516146,103.00964,2.956329212733655,4.644979415820738,101.21445999999999,0.111425638222995
2023-03-31,1.174673194761211,0.71,4.65069442734789,-1.134147532259866,110.62354,5.7436401948327775,103.09341,0.081322485934332,3.549223326159434,102.05161,1.1387819237472119
2023-04-30,0.9181412243290277,0.61,4.184705782064824,-1.5896145103498016,104.34152,3.9014764668675372,104.1626,1.0371079974947017,4.668715105018806,103.42188333333333,2.977019177917417
2023-05-31,1.1233146856986398,0.23,3.935832194051536,-1.6604697392925916,102.66392,2.871957960583682,102.3642,-1.7265314037860024,2.6988441837728194,103.20673666666669,1.9683715811621205
2023-06-30,1.0719822473548524,-0.08,3.161501468457617,-1.489192958890273,102.53174,3.00780085241954,102.50431,0.13687402431710183,2.880544149956399,103.01037000000001,0.9394854231109306
2023-07-31,1.0719822473548524,0.12,3.992443888662711,-0.19226189340211253,105.47522,1.458859444157623,102.83357,0.3212157615616329,1.537103645808835,102.56736000000001,-0.826250021554098
2023-08-31,1.1374956476198017,0.23,4.608216087521688,0.672383893470152,106.13139,1.5001609559347928,102.45222,-0.37084193420494627,1.364297270257775,102.5967,-0.5910822165000384
2023-09-30,0.9729017544111374,0.26,5.185234629775626,2.0237331613180087,102.00419,0.6148299970201387,102.57885,0.1235990786729646,1.3828066155147756,102.62154666666667,-0.3774603793126219
2023-10-31,0.9975672238483169,0.24,4.819245643589931,0.82680175492722,102.0744,1.8666124838554232,102.87707,0.2907226977101107,1.3932607436256461,102.63604666666667,0.06696737311622236
2023-11-30,0.9159878255821985,0.28,4.683537029570672,0.07532094204898421,101.86494,2.5115108523993346,103.528,0.6327260292308123,2.846875994352205,102.99464,0.38786822578114055
2023-12-31,0.8945247967375058,0.56,4.621113930566789,-0.5641206992088366,101.74606,1.7683879843237715,104.8991,1.3243760142183758,4.2921613378780865,103.76805666666667,1.117221516572986
2024-01-31,0.9666901743658141,0.42,4.5066374306924395,-0.31260821289749163,98.01879,4.506144796213163,104.53245,-0.3495263543729199,4.478351109795353,104.31985000000002,1.640557472757953
2024-02-29,0.8002004357681836,0.83,4.496273821268559,-0.18726320830211307,102.37988,3.6751454294224883,104.75961,0.21731050979862943,1.6988410016771205,104.73038666666666,1.6852786384482288
2024-03-31,0.8316737660555074,0.16,3.925596126881703,-0.6955178036850862,109.58504,-0.9387694517821399,104.7097,-0.047642407221637484,1.5677917725293922,104.66725333333333,0.866544768738553
2024-04-30,0.8874331113757794,0.38,3.6880164915653157,-0.8186209391271237,109.36335,4.812877941590266,104.75682,0.04500060643857218,0.5704734712843162,104.74204333333334,0.4047104490020992
2024-05-31,0.8324420253383646,0.46,3.92595167856582,-0.5703221427027394,104.84682,2.1262581830111094,105.70704,0.9070722078047044,3.265633883721075,105.05785333333334,0.3126758881440317
2024-06-30,0.7883369678362895,0.21,4.227578239682583,0.3019821128008804,106.03093,3.4127871037787916,106.57623,0.8222631151151294,3.9724378418819484,105.68003,0.9676155955304244
2024-07-31,0.9071223424248709,0.38,4.498245142821999,0.8102286512566836,111.55002,5.759457055410744,106.88756,0.2921195467319393,3.9422826611971162,106.39027666666668,1.5736119717351338
2024-08-31,0.8675116705918473,-0.02,4.2375990160564925,0.3116473374906725,110.19363,3.827557520918168,107.14396,0.23987824214530828,4.579442007210788,106.86925000000001,1.7241896813933177
2024-09-30,0.835157409379228,0.44,4.4247401273958875,0.19716188771330412,107.28836,5.180346023040827,107.99916,0.7981784507498091,5.284042470743233,107.34355999999998,1.574119538005414
2024-10-31,0.9279575755079428,0.56,4.7580992339478545,0.2598540911258551,109.21678,6.9972294718362305,108.15356,0.14296407490577145,5.128927174928277,107.76556000000001,1.2926776547844243
2024-11-30,0.7929903920274706,0.39,4.87301138907088,0.6354123730143879,105.74688,3.8108695690588057,107.98489,-0.15595418218319335,4.30500927285371,108.04587,1.1009902287140383
2024-12-31,0.93143107189948,0.52,4.831295791859591,0.4065556644637036,104.2734,2.4839684209884805,107.44467,-0.5002736956994491,2.4266843090169576,107.86104,0.48207829142243863
2025-01-31,1.013201356414828,0.16,4.559874392677332,-0.1982248412705223,101.23438,3.280585283699189,108.06979,0.5818064311612581,3.3839635443347893,107.83311666666667,0.06268854972466542
2025-02-28,0.9853222624513602,1.31,5.057630414778758,0.18461902570787725,107.07838,4.589280628185932,108.77346,0.6511255365629909,3.831486199690892,108.09597333333333,0.046372279970841035
2025-03-31,0.9640295622482142,0.56,5.477189641674851,0.64589384981526,114.05013,4.074543386579044,110.09056,1.2108652239250173,5.1388362300722745,108.97793666666666,1.0354959183284995
2025-04-30,1.0558796236773471,0.43,5.52972858849774,0.9698541958204077,112.73813,3.0858418290953926,109.72323,-0.33366166908406214,4.740894196673784,109.52908333333333,1.5727697752715653
2025-05-31,1.1387758548166316,0.26,5.319635559255276,0.2620051444765181,108.66481,3.6414933709959074,109.00057,-0.658620786136177,3.1157149041350474,109.60478666666666,1.3958090082418106
2025-06-30,1.0970512720405834,0.24,5.35116523759851,-0.1260244040763414,107.55639,1.4386934076688673,108.76683,-0.21443924559293448,2.0554301836347655,109.16354333333334,0.1703158201961541
2025-07-31,1.275732508747951,0.26,5.225222422012621,-0.30450616648511897,113.14433,1.4292332713162992,108.27053,-0.4562972001666332,1.2938549631032803,108.67931,-0.7758426414901987
2025-08-31,1.1641561387977895,-0.11,5.130500777503921,-0.18913478175135445,110.57963,0.3502924806088936,108.80021,0.48921899615714803,1.545817421719331,108.61252333333334,-0.9053102182033479
2025-09-30,1.2199289497186738,0.48,5.172368758697643,-0.1787964789008667,109.59513,2.150065487066821,108.63642,-0.15054198884358883,0.59006014491223,108.56905333333333,-0.5445865733624267
2025-10-31,1.275732508747951,0.09,4.680811347037062,-0.5444110749755593,110.16346,0.8667898833860432,108.7159,0.07316146831790604,0.5199458991456352,108.71751,0.03514928462464706
2025-11-30,1.0527026935209127,0.18,4.4618356484328325,-0.6686651290710888,106.90236,1.0926847203435175,109.27405,0.5134023634077334,1.1938336928435156,108.87545666666666,0.24208380881307612
2025-12-31,1.2199289497186738,0.33,4.264384904568952,-0.9079838541286911,107.17649,2.7841136857530424,109.41762,0.13138526484559598,1.8362474378673221,109.13585666666667,0.5220671231175977
2026-01-31,1.1641561387977895,0.33,4.44135121281346,-0.23946013422360135,102.36456,1.116399389219347,110.05486,0.5823924885224097,1.8368408044468376,109.58217666666667,0.7953333981496336
2026-02-28,0.9970220253081363,0.7,3.812496961112588,-0.6493386873202445,106.82125,-0.24013250854186818,110.65892,0.5488717172508206,1.7333823894174039,110.04379999999999,1.073100741988453
2026-03-31,1.2120535925043807,0.88,4.142846991219562,-0.1215379133493899,117.8089,3.295717418296662,110.51078,-0.1338708167403002,0.38170393537828584,110.40818666666667,1.1658221586018813
2026-04-30,1.0900584045334005,0.67,4.39171967147336,-0.049631541340100505,113.99365,1.1136604802651995,110.95732,0.40406917768565087,1.1247299227337582,110.70900666666665,1.0282967853683322
2026-05-31,1.0734353626207227,0.58,4.7249068876600075,0.9124099265474195,109.52993,0.7961363020834389,111.03587,0.07079298598777761,1.8672379419667262,110.83465666666666,0.7186744429642289
2026-06-30,1.1195038983485839,0.16,4.641327552554153,0.49848056133459107,,,,,,,
2026-07-31,1.2152202899923692,,,,,,,,,,
2026-08-31,0.052531000000000105,,,,,,,,,,
