data,NG=F,ZC=F,GC=F,USDBRL=X,EURBRL=X,JPYBRL=X,IMAB11.SA,B5MB11.SA,IB5M11.SA,BOVV11.SA,FIND11.SA,MATB11.SA,CDI
2020-01-31,-0.1324222530151464,-0.0261813537675597,0.0383076578642589,0.0562457199465453,0.0420650004191165,0.0544411373557007,0.0028660919043843,0.025336476003539,-0.0032191607285998,-0.0407683973464987,-0.0554493307839379,-0.0300000164959873,0.0037663336752904453
2020-02-29,-0.0852797115562489,-0.0386885245901633,-0.0118769654041066,0.0571873013974646,0.0542429645851239,0.050012811364211,4.440892098500626e-16,-0.0294401106880816,0.0078133140607463,-0.0841276366030269,-0.0538461662014483,-0.1161883574034464,0.00293728631555501
2020-03-31,-0.0261282833522666,-0.0702592087312405,0.0123393959013997,0.1578442893995921,0.161089495743832,0.1751430276323506,-0.0750845174933443,-0.1452014486364589,-0.1230101487353408,-0.3010599197751664,-0.3311938164621636,-0.1976670455908648,0.003383691484662998
2020-04-30,0.1884146450939532,-0.0858400586940567,0.0636604302157408,0.0273653128073669,0.0132224425213043,0.0411768572348962,-0.007865134587025,0.0610820266016003,0.053630401321997,0.1036885831108966,0.0405629956116582,0.0990176218023806,0.0028492490278402283
2020-05-31,-0.0513083754709727,0.0457463884430187,0.0312908649626313,0.0128965382736307,0.0315473887353219,0.0031375372138198,0.0389297851608276,0.0142544199041538,-0.0071596307642725,0.0856541414844245,0.0393506758515871,0.1290668823373175,0.002358096193071146
2020-06-30,-0.0530015855029117,0.0391404451266315,0.0322989088591116,-0.0002776167073367,0.015040635311132,0.0003386357572798,0.0279330027089084,0.0270270270270274,0.0251267983879845,0.0902975516088846,0.1310932592419071,0.0421152605104246,0.00212332177367136
2020-07-31,0.0274128936519058,-0.0664697193500737,0.0947016446336452,-0.0459450835354313,0.0069972699899409,-0.0195363707301123,0.0503710935761791,0.0727368806537831,0.08078696639838,0.0824009736393767,0.0978033328803054,0.0969309827255997,0.001943464130263805
2020-08-31,0.4619233341810744,0.1028481012658228,0.0024454486643601,0.0458099135200109,0.0482480797448408,0.0370889330663726,-0.0106006607841498,-0.0305171278441224,-0.0283738519635227,-0.0351656778526355,-0.0833730372028046,0.1080332878317076,0.001598895978929482
2020-09-30,-0.0391635587642843,0.0875179340028695,-0.040709481896636,0.0446196621993484,0.0309137209869638,0.0436162260071208,-0.0246173503522019,-0.0293522412581268,-0.0370525526649014,-0.048162662017678,-0.0597713116674375,0.0069999694824223,0.0015696620595304631
2020-10-31,0.3272655945283924,0.0514511873350929,-0.0053509804428802,0.0261611309065188,0.0203643429464523,0.037176698975913,0.0125539305498638,-0.0034411035016052,0.0244565217391308,-0.0069429418226945,-0.0101713454945908,0.0600794949598271,0.0015696620595304631
2020-11-30,-0.1407275221187603,0.0533249686323715,-0.0541706998613292,-0.0753400718416592,-0.052608198485068,-0.0712721718037842,0.0021955077912345,0.0280422759624732,-0.0026525198938988,0.1611228690531638,0.1792695551278085,0.1444964416558152,0.001494860408406628
2020-12-31,-0.1596113959118407,0.1304347826086962,0.0649321687214288,-0.0250632026765348,-0.0014398998533002,-0.0199306080486962,0.0463917338261508,0.071246819338423,0.0509574565481636,0.0907763606681577,0.1212350369423691,0.1158174743425113,0.0016444692975896569
2021-01-31,0.0586292171640903,0.1527924130663862,-0.0231094400697375,0.0440404693631728,0.0328046211995005,0.0362985670684796,2.220446049250313e-16,-0.0137766930949376,-0.0049599945260498,-0.034376051307104,-0.0606521411704832,-0.00146704599575,0.001494860408406628
2021-02-28,0.0807332394474913,0.0155393053016454,-0.064526644341185,0.0165568395752833,0.0201988062535969,-0.0031267398318779,-0.0169950407054518,-0.0183044457612536,-0.019125176240559,-0.0451277541982815,-0.0737409817741164,0.101010099594774,0.001345273865295926
2021-03-31,-0.0588234838608421,0.0157515751575165,-0.0082749418204015,0.0440617784237178,0.0060690945030739,0.0064654946855386,-0.004760677209606,-0.0186457458040012,-0.0130677715283523,0.0618650202012183,0.0630096879977628,0.0558798737529293,0.00201079883279398
2021-04-30,0.1238496737971313,0.3114754098360659,0.0312171773110774,-0.0754036584174941,-0.0436910836373519,-0.0629779473980781,0.0187562665908598,0.0069999694824225,0.0101932908152553,0.0192209127535121,0.0113252855727241,0.1287519401170866,0.002077848024335082
2021-05-31,0.0187649494590842,-0.1124999999999996,0.076500847301806,-0.0184018896204722,-0.0129871575619555,-0.0267904690338767,0.002842003658301,0.0105263676277287,0.0195569014514425,0.058251653003543,0.0701706530073891,-0.0456262371739136,0.0027032626398217903
2021-06-30,0.2223710719222447,0.0963075751808146,-0.0692246786711557,-0.0540453052633409,-0.0765833067485982,-0.0601924495097703,-0.012444579727169,0.0062893020461189,0.0029588910234308,0.009662610486786,-0.0042194092827,0.0013197878672603,0.003077789683316512
2021-07-31,0.0723287485115169,-0.2402777777777772,0.0236051082026313,0.0252870636450719,0.024376611246514,0.0358273923932506,0.0063630957769329,-0.0039062648429535,-0.0043743671599811,-0.0393787585524713,-0.0381355932203383,-0.0174282727399082,0.003556161780191802
2021-08-31,0.1182932592355527,-0.0237659963436922,0.0013240783660981,0.0201755692569745,0.0121217725230882,0.0151189085040535,-0.0112819690155405,-0.0232353210449215,-0.0242158238486897,-0.0263759248055441,-0.0298678360321443,-0.0423311446253067,0.004279524773424858
2021-09-30,0.3404158778390447,0.0051498127340829,-0.0328925350809224,0.0446468222647424,0.027258337238776,0.0260109574147651,0.0048902744783503,-0.0066244710519872,-0.0071204220437246,-0.0656714049366781,-0.0850059082596315,-0.0978988469342776,0.0044199933223520995
2021-10-31,-0.075166179819214,0.0586865393572433,0.0157807499580302,0.0425908947995574,0.0500915586571215,0.0276881654786864,-0.0309457916948697,-0.0509245312050475,-0.0394431330500597,-0.0646319971186365,-0.0535980300335366,-0.0890269138874849,0.004859961025168724
2021-11-30,-0.1583118664342765,-0.0021997360316761,-0.0052720271531471,-0.0078300669197282,-0.0410586956677391,-0.0097587327581931,0.0267833389592666,0.0522729268259603,0.0423803308382841,-0.0144913104708247,-0.0289460113308702,0.0361742400570248,0.005867490939004627
2021-12-31,-0.2202758534858027,0.0511463844797175,0.0220455435972921,0.0182120517620383,0.0240735528279136,0.0079651599757581,-0.0117882472685491,-0.0036421792219248,-0.0414999193183911,0.0259031645678715,-0.0382329995263654,0.1146042873823256,0.007690830818633421
2022-01-31,0.3687166311917782,0.0503355704697989,-0.0097644131122923,-0.0596384660170639,-0.0766545998526579,-0.0615449418816104,0.0104060870947642,-0.016043884821247,0.0126373794052629,0.071381152172568,0.1723750471428888,0.0019678408131444,0.007322703246089635
2022-02-28,-0.0828888543865149,0.053514376996806,0.0509749303621172,-0.0448289718106229,-0.041550924393448,-0.0478809385942077,0.0021351188530651,0.0051599586390771,-0.0340748707287497,0.0107202893153943,-0.0171456023885556,-0.0196398850770905,0.007550409870388908
2022-03-31,0.2621924973563274,0.1353297952994692,0.0332361257205815,-0.0688180783672954,-0.0715557799921472,-0.1186941682363111,-0.0036345521017644,-0.0017453610501242,0.0723513611667512,0.0580294092823676,0.0772829184095704,0.065943186103855,0.009270538628930902
2022-04-30,0.2839418120081829,0.0928213689482468,-0.0204698867962522,0.0352432812218521,-0.0255836343331722,-0.0336635102357489,0.0,0.0,2.220446049250313e-16,-0.1020712510879942,-0.1166093656856276,-0.1088488193317498,0.00834320523721388
2022-05-31,0.1243788659503699,-0.0791322945310111,-0.0348819441434187,-0.0375470881287358,-0.0127515325857117,-0.0148352367367214,0.0,0.0,0.0069146535695263,0.0341391831648163,0.0599078175392633,0.0492091241120105,0.010345923015313565
2022-06-30,-0.3340700452377636,-0.0129396151293955,-0.0209475099629691,0.0901650076932687,0.057097094448252,0.0202215299494774,0.0,0.0,-0.0167516449914379,-0.1151856125196116,-0.1296618180574416,-0.1480737025061405,0.010153156089369508
2022-07-31,0.5171460943307724,-0.171428571428571,-0.0228368448142647,0.0003474416102522,-0.0240489942286463,0.0162098243781869,0.0,0.0,-0.0095238256706755,0.048200049082927,0.0353019564890768,-0.0198584766832443,0.010348424349291951
2022-08-31,0.1091262308297449,0.0933062880324551,-0.0284190679517341,-0.0117313511658478,-0.0280128858118688,-0.0422253998225417,0.0,0.0,0.0246795430090418,0.0653198760449045,0.0980055670200081,-0.0371113045285538,0.011693612800063312
2022-09-30,-0.2586830391731626,0.0055658627087207,-0.0294255155168547,0.0535543634290613,0.0333800866275513,0.0117258827123203,0.0,0.0,0.0170993569703761,0.0047859742597153,0.0361327821592583,0.0185416539510092,0.010719822473548524
2022-10-31,-0.0607448695604372,0.020664206642067,-0.0159408082355742,-0.0199585531127044,-0.0055439028532984,-0.0396948811860774,0.0,0.0,0.0022551879490146,0.0547317709267203,0.067389270770092,0.0605440605732423,0.010206758664957682
2022-11-30,0.0904799067725212,-0.042660882140274,0.0673023864189823,-0.0038385009252713,0.0308132615282206,0.0583381677204015,0.0,0.0,-0.0253656112579483,-0.0306748334645421,-0.1368653421633551,0.1330762146371675,0.010206758664957682
2022-12-31,-0.3421356236379949,0.026435045317221,0.0420962199312717,-0.0002657442613355,0.0278871049769762,0.034764307930915,0.0,0.0,-0.0038829126144096,-0.023382591527415,0.0172890275335677,-0.0202552957737693,0.011233146856986398
2023-01-31,-0.4112744009046827,0.0003679175864614,0.060456169277274,-0.0288410071994547,-0.0072837178518069,-0.002341556879323,0.0,0.0,0.0022123797779569,0.031953223226955,0.0096540533075544,0.0597636995246013,0.011233146856986398
2023-02-28,0.0234724155745966,-0.0739242368517831,-0.0521378468960544,0.0165789682459409,-0.0059671049328841,-0.0265319778793896,0.0,0.0,0.0115631886394922,-0.0763192314308417,-0.0514940048841799,-0.0775409761022342,0.009181412243290275
2023-03-31,-0.1933017484405361,0.0492454328832405,0.0766034084508382,-0.0205780865456206,0.0068552476647614,0.0028565961401787,0.0,0.0,0.0345006710901776,-0.0273843388488538,-0.0137562232679769,-0.0677092827847184,0.01174673194761211
2023-04-30,0.087545125771175,-0.0370931112793339,0.0107160871436962,-0.0228758616673181,-0.0114377193169301,-0.0281443543849324,0.0,0.0,0.0330486507812799,0.026116528557343,0.0734667979173844,-0.0402211331905278,0.009181412243290275
2023-05-31,-0.059751057376467,-0.0660377358490565,-0.0131651432055113,0.0117760434992926,-0.0158701294436153,-0.0317827651990388,0.0,0.0,0.0390898912447732,0.0379410957915256,0.0648680910069778,0.0160874160444584,0.011233146856986398
2023-06-30,0.2347749590632357,-0.066498316498316,-0.0217933949264519,-0.0355923116212431,-0.0235687976582247,-0.0686791938276548,0.0,0.0,0.0288227757202195,0.0902461422177605,0.108327097497209,0.0173963915618249,0.010719822473548524
2023-07-31,-0.0586133054434154,-0.0910730387736699,0.0257144474737696,-0.027246870277329,-0.0160033706534338,8.942474119444377e-05,0.0,0.0,0.0160086817150471,0.0349498357734532,0.001596793384464,0.092987516302244,0.010719822473548524
2023-08-31,0.0508731288237827,-0.0853174603174591,-0.0163918035159214,0.0349543959413158,0.0237981213194331,-0.0023554925429762,0.0,0.0,-0.0098477932334297,-0.0495233261744318,-0.0587346868776262,-0.0432413273134995,0.011374956476198017
2023-09-30,0.0581647470725894,0.0341648590021694,-0.046486419283759,0.0295393416010858,0.0012609753092067,0.0071729011659644,0.0,0.0,-0.0217901995114291,0.0076498216252123,-0.020859368523082,0.0156163598999701,0.009729017544111374
2023-10-31,0.2205531474021087,0.0041950707918201,0.0741842851561487,0.0026426524984921,0.0063914127178754,0.0041544301429834,0.0,0.0,-0.01136891883887,-0.0299451957855105,-0.0274945078637496,-0.051193887099312,0.009975672238483167
2023-11-30,-0.2162237738732849,-0.0355091383812001,0.0266472021535337,-0.0281405827144378,0.0016997515836756,-0.0143325538688605,0.0,0.0,0.0333769607833001,0.1263478154721469,0.1627035883081,0.1031458487839482,0.009159878255821983
2023-12-31,-0.087437587428652,0.0270709258256633,0.017565343794051,-0.0159050732242233,-0.0010069703689289,0.0229658109615604,0.0,0.0,0.0409843375493232,0.0545820071863449,0.0752818545350857,0.0698237274958581,0.008945247967375058
2024-01-31,-0.1787250806189556,-0.0548234053769105,-0.0122956753945462,0.0257351375571646,0.0005600215464109,-0.0157385868222984,0.0,0.0,-0.0119937187788934,-0.0479502398176628,-0.0464245933055784,-0.0945073044363746,0.009666901743658139
2024-02-29,-0.1142856672507536,-0.0725041829336303,-0.0013180781588523,0.0034340789008791,0.0038429671859119,-0.0181639930834243,0.0,0.0,0.0014074246330528,0.0103805521956765,0.0019630938594077,0.0247992757996216,0.008002004357681836
2024-03-31,-0.0521505387715066,0.0631389055923039,0.083932128498863,0.0046303304837789,0.0015981709870167,0.0003640216460683,0.0,0.0,-0.0044799237811131,-0.0083713157977242,0.0031348082340305,0.0306407064468852,0.008316737660555074
2024-04-30,0.1293250387649962,-0.0056561085972842,0.033372419617131,0.0253892391111372,0.0166617858744866,-0.007518569416321,0.0,0.0,-0.0270008394824687,-0.0166538612288698,-0.0542968511581416,-0.0518581022847907,0.008874331113757794
2024-05-31,0.2993469714105485,0.015358361774745,0.0137470547885516,0.0166307788548212,0.0276855158345978,0.0131654530864044,0.0,0.0,0.0108824214579517,-0.0299695919843063,-0.033952916205993,-0.0374131881143183,0.008324420253383646
2024-06-30,0.0054117425440509,-0.1098039215686268,0.0020664036462711,0.057361529677457,0.0461366250064678,0.031807833959512,0.0,0.0,-0.0176729272371911,0.0155282025179765,0.005643885915306,0.0336849849332516,0.007883369678362895
2024-07-31,-0.217224160665335,-0.0365009439899298,0.0424453541696321,0.0201072612660961,0.0303179192225298,0.0748618623054471,0.0,0.0,0.0227397065184424,0.0302645541790966,0.0297619051480704,-0.0247089935742317,0.009071223424248707
2024-08-31,0.0446955203889458,-0.0124101894186796,0.0277354415116948,0.002958360137772,0.0251915676303506,0.0557292707869383,0.0,0.0,0.011608206773424,0.0665949254784603,0.1315441825424961,0.008444998607745,0.008675116705918473
2024-09-30,0.3742359985136669,0.1236772486772497,0.0570615310136817,-0.0345611838935671,-0.0252636172048512,-0.0207029637617086,0.0,0.0,-0.0144761177190846,-0.0302811610717583,-0.0544405715648677,0.0431458022704858,0.00835157409379228
2024-10-31,-0.0738967064387122,-0.0329605650382576,0.038769374221693,0.0605720641804647,0.0308316756614142,-0.0115695480077165,0.0,0.0,-0.0194357200115422,-0.0161338153824923,-0.0234622858152262,-0.0130890054098794,0.009279575755079428
2024-11-30,0.2423346489658562,0.029823493609252,-0.0296899709229877,0.0436630838437501,0.0148712451229104,0.0589769429587909,0.0,0.0,-0.0040190210806967,-0.0319655079649996,-0.081403584302006,0.0162688239797479,0.007929903920274706
2024-12-31,0.1703836476186082,0.0691489361702133,-0.0191569071673872,0.0298974109071148,0.013178822892321,-0.0139670306953703,0.0,0.0,-0.0386096757990128,-0.0405152396106224,-0.0135937519179324,-0.051157166851549,0.0093143107189948
2025-01-31,-0.2266260603977964,0.0657822001105592,0.0791987623688634,-0.0515362460765258,-0.0509455784235335,-0.0291450899523939,0.0,0.0,0.0043880480438616,0.0484906946342853,0.1033580315430382,-0.0005501335039135,0.010132013564148279
2025-02-28,0.2595270116744432,-0.0591286307053938,0.0086400173611107,-0.0060429949741542,-0.006064329488123,0.021858953942984,0.0,0.0,0.001139735450077,-0.0242104076620034,-0.0309881278177486,-0.0493577729671366,0.009853222624513602
2025-03-31,0.0743348563350876,0.0082690187431093,0.1008178211637258,-0.0138551445696865,0.0267746912791519,-0.01117070508445,0.0,0.0,0.0252347589441463,0.0600397856998644,0.0887584003939558,0.0177571539193126,0.009640295622482142
2025-04-30,-0.1925224547007586,0.0218698742482237,0.0583450583844613,-0.023983631138829,0.0268541713763401,0.0255544109463512,0.0,0.0,0.0271120599005252,0.0371342598268373,0.0932113483950902,-0.0512042629694454,0.010558796236773471
2025-05-31,0.0363800518341785,-0.0497592295345097,-0.0048714365071853,0.0080249489351511,0.0070830567757236,-0.0025828931346337,0.0,0.0,0.0246846654393653,0.0151899175661176,0.0153530197866456,-0.0171896988074169,0.011387758548166316
2025-06-30,0.0026109842972974,-0.0529279279279274,0.0016722916973179,-0.0329561462339872,-0.0032092267434918,-0.0375495028154385,0.0,0.0,0.0145947221143585,0.0141075571174453,0.0166059587147475,0.0067114468851683,0.010970512720405834
2025-07-31,-0.1012731869133312,-0.0630202140309157,-0.0003642396817153,0.0177058340306657,-0.0082750029549326,-0.014825002063655,0.0,0.0,-0.0156846201391283,-0.0408909383077715,-0.0777556855198146,0.0151515151515166,0.01275732508747951
2025-08-31,-0.0350933578394263,0.0101522842639603,0.0548099121451075,-0.0291279141320203,-0.0075805558599851,-0.013414715769436,0.0,0.0,0.0080993558235815,0.0635851460248626,0.0804954135193376,0.0334328418940457,0.011641561387977896
2025-09-30,0.1021021009076221,0.0439698492462317,0.1056798522659985,-0.0168668037834069,-0.0124765633710064,-0.0274927955580422,0.0,0.0,0.0067242741131932,0.0344376328667519,0.0424468235243398,-0.0046216383026445,0.012199289497186738
2025-10-31,0.2485619454494256,0.0385078219013237,0.0368152209295293,0.0113309416657845,-0.0024891707885308,-0.0238327916191202,0.0,0.0,0.0019084075558011,0.0223716662609585,0.0031321287824612,0.0847359486260861,0.01275732508747951
2025-11-30,0.1760426332186913,0.0092699884125144,0.0592887992593516,-0.0049423790754425,-0.0024828152723671,-0.0200692169765602,0.0,0.0,0.0343723049411535,0.0636275094645735,0.0851972917860208,-0.0024968680294344,0.010527026935209127
2025-12-31,-0.1810309357206783,0.0114810562571763,0.0359861318534231,0.0399036139686559,0.0550097006353822,0.041164692024767,0.0,0.0,-0.0034318545067382,0.0150624010822792,-0.0153846760365603,0.0872519406666918,0.012199289497186738
2026-01-31,0.0961732676461721,-0.0278093076049938,0.0786709221767907,-0.0682156874983996,-0.0527294550002305,-0.0506332774003956,0.3796226453481237,0.3073125189940375,0.0084831358721766,0.125346838776138,0.1413407278282543,0.104588006117819,0.011641561387977896
2026-02-28,-0.3433624466104477,0.024518388791594,0.1095908076875789,-0.0101364194263084,-0.0236221204787711,-0.0272424144533465,0.0173231356727967,0.0206907786183934,0.0248188836887459,0.0409519698200522,0.0376736925024803,0.0120590324559926,0.009970220253081365
2026-03-31,0.0087443496505659,0.0433048433048433,-0.1114424820464096,0.0248023830903747,-0.0048220351679246,-0.0008192518765495,-0.0002688544434893,-0.0117157716055522,-0.0095083768331777,-0.0056127515706447,-0.0595195744166205,-0.0845837530267021,0.012120535925043807
2026-04-30,-0.0405686894741084,0.0152921900600768,-0.0070789012936667,-0.0468275110404468,-0.028119551980679,-0.04870785108522,0.0207081801469968,0.023163322355542,0.0226452428489292,-0.0005696266894718,0.000695987691011,0.0003213957562406,0.010900584045334004
2026-05-31,0.1890133753083314,-0.0387305002689605,-0.0117451173464212,0.0068161817673819,0.0041175844795873,0.0124812142017414,0.0002634707459698,-0.0014482997017326,-0.0048940999144628,-0.0725388601036267,-0.0754413659988445,0.0046586492454196,0.010734353626207227
