metrica,portfolio_regimes_bruto,benchmark_estatico
retorno_total,0.7269339144807867,0.7269339144807867
retorno_anualizado,0.08887501831505196,0.08887501831505196
volatilidade_anualizada,0.08328767420311464,0.08328767420311464
retorno_sobre_volatilidade,1.0670848857936817,1.0670848857936817
maximo_drawdown,-0.08312227956839224,-0.08312227956839224
meses_positivos,0.6103896103896104,0.6103896103896104
melhor_mes,0.08684586127129104,0.08684586127129106
pior_mes,-0.06359901500830598,-0.06359901500830596
quantidade_meses,77.0,77.0
