data,periodo,regime_confirmacao_1m,regime_confirmacao_2m,regime_confirmacao_3m,NG=F,ZC=F,GC=F,USDBRL=X,EURBRL=X,JPYBRL=X,IMAB11.SA,B5MB11.SA,IB5M11.SA,BOVV11.SA,FIND11.SA,MATB11.SA,CDI,retorno_bruto_MODELO_BASE_4_ATIVOS,turnover_MODELO_BASE_4_ATIVOS,custo_MODELO_BASE_4_ATIVOS,retorno_liquido_MODELO_BASE_4_ATIVOS,retorno_bruto_MODELO_SELECIONADO_5_ATIVOS,turnover_MODELO_SELECIONADO_5_ATIVOS,custo_MODELO_SELECIONADO_5_ATIVOS,retorno_liquido_MODELO_SELECIONADO_5_ATIVOS,retorno_bruto_BENCHMARK_5_ATIVOS,turnover_BENCHMARK_5_ATIVOS,custo_BENCHMARK_5_ATIVOS,retorno_liquido_BENCHMARK_5_ATIVOS,peso_selecionado_NG=F,peso_selecionado_ZC=F,peso_selecionado_GC=F,peso_selecionado_USDBRL=X,peso_selecionado_EURBRL=X,peso_selecionado_JPYBRL=X,peso_selecionado_IMAB11.SA,peso_selecionado_B5MB11.SA,peso_selecionado_IB5M11.SA,peso_selecionado_BOVV11.SA,peso_selecionado_FIND11.SA,peso_selecionado_MATB11.SA,peso_selecionado_CDI
2020-01-31,TREINO,EXPANSAO_DESINFLACIONARIA,EXPANSAO_DESINFLACIONARIA,EXPANSAO_DESINFLACIONARIA,-0.1324222530151464,-0.0261813537675597,0.0383076578642589,0.0562457199465453,0.0420650004191165,0.0544411373557007,0.0028660919043843,0.025336476003539,-0.0032191607285998,-0.0407683973464987,-0.0554493307839379,-0.0300000164959873,0.0037663336752904,-0.005731535720348759,1.0,0.001,-0.0067258041846284256,-0.0019323879620930945,1.0,0.001,-0.0029304555741309635,-0.005000930382222671,1.0,0.001,-0.005995929451840465,0.05,0.05,0.05,0.05,0.05,0.05,0.05,0.05,0.05,0.05,0.05,0.05,0.4
2020-02-29,TREINO,EXPANSAO_DESINFLACIONARIA,EXPANSAO_DESINFLACIONARIA,EXPANSAO_DESINFLACIONARIA,-0.0852797115562489,-0.0386885245901633,-0.0118769654041066,0.0571873013974646,0.0542429645851239,0.050012811364211,4.440892098500626e-16,-0.0294401106880816,0.0078133140607463,-0.0841276366030269,-0.0538461662014483,-0.1161883574034464,0.002937286315555,-0.02084925675324798,0.021470028971918333,2.1470028971918332e-05,-0.02087027914807338,-0.011334639525726789,0.013849070996338073,1.3849070996338073e-05,-0.0113483316224956,-0.019019522671032366,0.020086350401376116,2.0086350401376114e-05,-0.019039226988636915,0.05,0.05,0.05,0.05,0.05,0.05,0.05,0.05,0.05,0.05,0.05,0.05,0.4
2020-03-31,TREINO,EXPANSAO_INFLACIONARIA,EXPANSAO_DESINFLACIONARIA,EXPANSAO_DESINFLACIONARIA,-0.0261282833522666,-0.0702592087312405,0.0123393959013997,0.1578442893995921,0.161089495743832,0.1751430276323506,-0.0750845174933443,-0.1452014486364589,-0.1230101487353408,-0.3010599197751664,-0.3311938164621636,-0.1976670455908648,0.0033836914846629,-0.06359901500830596,0.024040813639708565,2.4040813639708566e-05,-0.06362152684987821,-0.03680593241111842,0.017200207945147514,1.7200207945147515e-05,-0.036822499549372445,-0.05844649912423143,0.02301099436094807,2.301099436094807e-05,-0.05846816520653064,0.05,0.05,0.05,0.05,0.05,0.05,0.05,0.05,0.05,0.05,0.05,0.05,0.4
2020-04-30,TREINO,EXPANSAO_INFLACIONARIA,EXPANSAO_INFLACIONARIA,EXPANSAO_DESINFLACIONARIA,0.1884146450939532,-0.0858400586940567,0.0636604302157408,0.0273653128073669,0.0132224425213043,0.0411768572348962,-0.007865134587025,0.0610820266016003,0.053630401321997,0.1036885831108966,0.0405629956116582,0.0990176218023806,0.0028492490278402,0.04984301025339271,0.07104176995762118,7.104176995762118e-05,0.04976842754776656,0.031045505763171704,0.05117528293205461,5.117528293205461e-05,0.030992741717698502,0.04622810554373482,0.06816481082993354,6.816481082993354e-05,0.046156789602835424,0.05,0.05,0.05,0.05,0.05,0.05,0.05,0.05,0.05,0.05,0.05,0.05,0.4
2020-05-31,TREINO,EXPANSAO_INFLACIONARIA,EXPANSAO_INFLACIONARIA,EXPANSAO_INFLACIONARIA,-0.0513083754709727,0.0457463884430187,0.0312908649626313,0.0128965382736307,0.0315473887353219,0.0031375372138198,0.0389297851608276,0.0142544199041538,-0.0071596307642725,0.0856541414844245,0.0393506758515871,0.1290668823373175,0.0023580961930711,0.031117218010957313,0.02146635607935158,2.146635607935158e-05,0.03109508368159597,0.019613569283802826,0.019536941514019246,1.9536941514019245e-05,0.019593649153132775,0.02890497787111991,0.021478260321438535,2.1478260321438535e-05,0.028882878782159116,0.05,0.05,0.05,0.05,0.05,0.05,0.05,0.05,0.05,0.05,0.05,0.05,0.4
2020-06-30,TREINO,RECESSAO_DESINFLACIONARIA,EXPANSAO_INFLACIONARIA,EXPANSAO_INFLACIONARIA,-0.0530015855029117,0.0391404451266315,0.0322989088591116,-0.0002776167073367,0.015040635311132,0.0003386357572798,0.0279330027089084,0.0270270270270274,0.0251267983879845,0.0902975516088846,0.1310932592419071,0.0421152605104246,0.0021233217736713,0.03142769352742026,0.014851657801243506,1.4851657801243506e-05,0.03141237511626915,0.019705944825920675,0.012960358215620478,1.2960358215620479e-05,0.019692729071601134,0.02917351108482419,0.014896440402670755,1.4896440402670755e-05,0.029158180062952344,0.05,0.05,0.05,0.05,0.05,0.05,0.05,0.05,0.05,0.05,0.05,0.05,0.4
2020-07-31,TREINO,RECESSAO_DESINFLACIONARIA,RECESSAO_DESINFLACIONARIA,EXPANSAO_INFLACIONARIA,0.0274128936519058,-0.0664697193500737,0.0947016446336452,-0.0459450835354313,0.0069972699899409,-0.0195363707301123,0.0503710935761791,0.0727368806537831,0.08078696639838,0.0824009736393767,0.0978033328803054,0.0969309827255997,0.0019434641302638,0.03984923871112489,0.014365763658281676,1.4365763658281676e-05,0.0398343004827213,0.02847750633686656,0.09310286533427987,9.310286533427988e-05,0.028381752134094773,0.0369334098972125,0.014132166613183741,1.4132166613183743e-05,0.03691875578149717,0.058333333333333334,0.058333333333333334,0.058333333333333334,0.058333333333333334,0.058333333333333334,0.058333333333333334,0.058333333333333334,0.058333333333333334,0.058333333333333334,0.058333333333333334,0.058333333333333334,0.058333333333333334,0.3
2020-08-31,TREINO,RECESSAO_DESINFLACIONARIA,RECESSAO_DESINFLACIONARIA,RECESSAO_DESINFLACIONARIA,0.4619233341810744,0.1028481012658228,0.0024454486643601,0.0458099135200109,0.0482480797448408,0.0370889330663726,-0.0106006607841498,-0.0305171278441224,-0.0283738519635227,-0.0351656778526355,-0.0833730372028046,0.1080332878317076,0.0015988959789294,0.051530561885579515,0.023784473787217604,2.3784473787217603e-05,0.051505551784493786,0.036551062113584484,0.021348103505836,2.1348103505836e-05,0.03652893371422139,0.0476896645081449,0.023530774804840136,2.3530774804840136e-05,0.047665011558583936,0.058333333333333334,0.058333333333333334,0.058333333333333334,0.058333333333333334,0.058333333333333334,0.058333333333333334,0.058333333333333334,0.058333333333333334,0.058333333333333334,0.058333333333333334,0.058333333333333334,0.058333333333333334,0.3
2020-09-30,TREINO,RECESSAO_DESINFLACIONARIA,RECESSAO_DESINFLACIONARIA,RECESSAO_DESINFLACIONARIA,-0.0391635587642843,0.0875179340028695,-0.040709481896636,0.0446196621993484,0.0309137209869638,0.0436162260071208,-0.0246173503522019,-0.0293522412581268,-0.0370525526649014,-0.048162662017678,-0.0597713116674375,0.0069999694824223,0.0015696620595304,-0.005430137161878425,0.041068154713815364,4.106815471381536e-05,-0.005470982310879169,-0.0033301973954557775,0.03290171518543258,3.290171518543258e-05,-0.003362989541434991,-0.0048916910679239,0.03893505747824676,3.893505747824676e-05,-0.0049304356671291405,0.058333333333333334,0.058333333333333334,0.058333333333333334,0.058333333333333334,0.058333333333333334,0.058333333333333334,0.058333333333333334,0.058333333333333334,0.058333333333333334,0.058333333333333334,0.058333333333333334,0.058333333333333334,0.3
2020-10-31,TREINO,RECESSAO_DESINFLACIONARIA,RECESSAO_DESINFLACIONARIA,RECESSAO_DESINFLACIONARIA,0.3272655945283924,0.0514511873350929,-0.0053509804428802,0.0261611309065188,0.0203643429464523,0.037176698975913,0.0125539305498638,-0.0034411035016052,0.0244565217391308,-0.0069429418226945,-0.0101713454945908,0.0600794949598271,0.0015696620595304,0.044466877556618364,0.02017775116378067,2.0177751163780672e-05,0.0444458025638641,0.03159771290749197,0.014955006774371803,1.4955006774371803e-05,0.03158228535670715,0.04116709174915005,0.018906896013257832,1.8906896013257833e-05,0.041147406511213847,0.058333333333333334,0.058333333333333334,0.058333333333333334,0.058333333333333334,0.058333333333333334,0.058333333333333334,0.058333333333333334,0.058333333333333334,0.058333333333333334,0.058333333333333334,0.058333333333333334,0.058333333333333334,0.3
2020-11-30,TREINO,EXPANSAO_INFLACIONARIA,RECESSAO_DESINFLACIONARIA,RECESSAO_DESINFLACIONARIA,-0.1407275221187603,0.0533249686323715,-0.0541706998613292,-0.0753400718416592,-0.052608198485068,-0.0712721718037842,0.0021955077912345,0.0280422759624732,-0.0026525198938988,0.1611228690531638,0.1792695551278085,0.1444964416558152,0.0014948604084066,0.01430670285153059,0.024366150387003085,2.4366150387003086e-05,0.014281988101870535,0.010463150118593393,0.019767677187908516,1.9767677187908517e-05,0.01044317560923158,0.01332117650975182,0.023294495044917436,2.3294495044917437e-05,0.013297571704626643,0.058333333333333334,0.058333333333333334,0.058333333333333334,0.058333333333333334,0.058333333333333334,0.058333333333333334,0.058333333333333334,0.058333333333333334,0.058333333333333334,0.058333333333333334,0.058333333333333334,0.058333333333333334,0.3
2020-12-31,TREINO,EXPANSAO_INFLACIONARIA,EXPANSAO_INFLACIONARIA,RECESSAO_DESINFLACIONARIA,-0.1596113959118407,0.1304347826086962,0.0649321687214288,-0.0250632026765348,-0.0014398998533002,-0.0199306080486962,0.0463917338261508,0.071246819338423,0.0509574565481636,0.0907763606681577,0.1212350369423691,0.1158174743425113,0.0016444692975896,0.04047889387546072,0.04064538161741092,4.0645381617410925e-05,0.04043660321375442,0.024945124044312275,0.1030574262329284,0.00010305742623292841,0.02483949583779843,0.03749163044639371,0.037929369093469514,3.7929369093469515e-05,0.037452279043411085,0.05,0.05,0.05,0.05,0.05,0.05,0.05,0.05,0.05,0.05,0.05,0.05,0.4
2021-01-31,TREINO,EXPANSAO_INFLACIONARIA,EXPANSAO_INFLACIONARIA,EXPANSAO_INFLACIONARIA,0.0586292171640903,0.1527924130663862,-0.0231094400697375,0.0440404693631728,0.0328046211995005,0.0362985670684796,2.220446049250313e-16,-0.0137766930949376,-0.0049599945260498,-0.034376051307104,-0.0606521411704832,-0.00146704599575,0.0014948604084066,0.015518660141463962,0.029470458599891745,2.9470458599891746e-05,0.015488732340832811,0.00990914024824102,0.024012546091205258,2.401254609120526e-05,0.009884889758462911,0.014439906315844166,0.02905371274073268,2.905371274073268e-05,0.01441043307021328,0.05,0.05,0.05,0.05,0.05,0.05,0.05,0.05,0.05,0.05,0.05,0.05,0.4
2021-02-28,TREINO,EXPANSAO_INFLACIONARIA,EXPANSAO_INFLACIONARIA,EXPANSAO_INFLACIONARIA,0.0807332394474913,0.0155393053016454,-0.064526644341185,0.0165568395752833,0.0201988062535969,-0.0031267398318779,-0.0169950407054518,-0.0183044457612536,-0.019125176240559,-0.0451277541982815,-0.0737409817741164,0.101010099594774,0.0013452738652959,-0.0005757077233278576,0.02026649015652636,2.0266490156526358e-05,-0.0005959625459094342,0.00019268491212164594,0.01361605592324984,1.361605592324984e-05,0.0001790662325900083,-0.00042793990881833847,0.019136422337488454,1.9136422337488455e-05,-0.0004470681419169731,0.05,0.05,0.05,0.05,0.05,0.05,0.05,0.05,0.05,0.05,0.05,0.05,0.4
2021-03-31,TREINO,EXPANSAO_INFLACIONARIA,EXPANSAO_INFLACIONARIA,EXPANSAO_INFLACIONARIA,-0.0588234838608421,0.0157515751575165,-0.0082749418204015,0.0440617784237178,0.0060690945030739,0.0064654946855386,-0.004760677209606,-0.0186457458040012,-0.0130677715283523,0.0618650202012183,0.0630096879977628,0.0558798737529293,0.0020107988327939,0.012460825374879508,0.019754441850529235,1.9754441850529236e-05,0.012440824776378756,0.008280814758045265,0.012112444976482981,1.2112444976482982e-05,0.008268602012155846,0.011656977179334461,0.018311775069430207,1.8311775069430208e-05,0.011638451944320893,0.05,0.05,0.05,0.05,0.05,0.05,0.05,0.05,0.05,0.05,0.05,0.05,0.4
2021-04-30,TREINO,EXPANSAO_INFLACIONARIA,EXPANSAO_INFLACIONARIA,EXPANSAO_INFLACIONARIA,0.1238496737971313,0.3114754098360659,0.0312171773110774,-0.0754036584174941,-0.0436910836373519,-0.0629779473980781,0.0187562665908598,0.0069999694824225,0.0101932908152553,0.0192209127535121,0.0113252855727241,0.1287519401170866,0.002077848024335,0.039976436401934254,0.014672486101107704,1.4672486101107704e-05,0.039961177362125566,0.024817001050894547,0.009876408378885565,9.876408378885565e-06,0.024806879539678528,0.03706116037288815,0.013860204956085427,1.3860204956085428e-05,0.03704678649265336,0.05,0.05,0.05,0.05,0.05,0.05,0.05,0.05,0.05,0.05,0.05,0.05,0.4
2021-05-31,TREINO,EXPANSAO_INFLACIONARIA,EXPANSAO_INFLACIONARIA,EXPANSAO_INFLACIONARIA,0.0187649494590842,-0.1124999999999996,0.076500847301806,-0.0184018896204722,-0.0129871575619555,-0.0267904690338767,0.002842003658301,0.0105263676277287,0.0195569014514425,0.058251653003543,0.0701706530073891,-0.0456262371739136,0.0027032626398217,0.003358968509923075,0.03558956554191457,3.5589565541914576e-05,0.003323259400151324,0.003096686161882525,0.024200720535916865,2.4200720535916866e-05,0.003072410499310285,0.0033085295968383545,0.03359297035604961,3.3592970356049615e-05,0.003274825483145394,0.05,0.05,0.05,0.05,0.05,0.05,0.05,0.05,0.05,0.05,0.05,0.05,0.4
2021-06-30,TREINO,ESTAGFLACAO,EXPANSAO_INFLACIONARIA,EXPANSAO_INFLACIONARIA,0.2223710719222447,0.0963075751808146,-0.0692246786711557,-0.0540453052633409,-0.0765833067485982,-0.0601924495097703,-0.012444579727169,0.0062893020461189,0.0029588910234308,0.009662610486786,-0.0042194092827,0.0013197878672603,0.0030777896833165,0.005183292443660102,0.01940295614725654,1.940295614725654e-05,0.005163788916316969,0.004341091339522663,0.011723259488554544,1.1723259488554544e-05,0.004329317188294102,0.005021330692864441,0.017934524193589776,1.7934524193589778e-05,0.005003306113493977,0.05,0.05,0.05,0.05,0.05,0.05,0.05,0.05,0.05,0.05,0.05,0.05,0.4
2021-07-31,TREINO,ESTAGFLACAO,ESTAGFLACAO,EXPANSAO_INFLACIONARIA,0.0723287485115169,-0.2402777777777772,0.0236051082026313,0.0252870636450719,0.024376611246514,0.0358273923932506,0.0063630957769329,-0.0039062648429535,-0.0043743671599811,-0.0393787585524713,-0.0381355932203383,-0.0174282727399082,0.0035561617801918,-0.012976084543126001,0.026023229811336257,2.6023229811336256e-05,-0.013001770093307274,-0.0047099613814671005,0.10050313650097548,0.00010050313650097548,-0.004809991152076476,-0.011704373287486169,0.024074899419731947,2.4074899419731947e-05,-0.01172816640529617,0.04166666666666667,0.04166666666666667,0.04166666666666667,0.04166666666666667,0.04166666666666667,0.04166666666666667,0.04166666666666667,0.04166666666666667,0.04166666666666667,0.04166666666666667,0.04166666666666667,0.04166666666666667,0.5
2021-08-31,TREINO,ESTAGFLACAO,ESTAGFLACAO,ESTAGFLACAO,0.1182932592355527,-0.0237659963436922,0.0013240783660981,0.0201755692569745,0.0121217725230882,0.0151189085040535,-0.0112819690155405,-0.0232353210449215,-0.0242158238486897,-0.0263759248055441,-0.0298678360321443,-0.0423311446253067,0.0042795247734248,-0.001170035652506,0.02392006074027512,2.392006074027512e-05,-0.0011939277259223058,0.0015547445604593999,0.013244906195206692,1.3244906195206692e-05,0.0015414790618182295,-0.0007508386966651703,0.022447573949561855,2.2447573949561855e-05,-0.0007732694161075582,0.04166666666666667,0.04166666666666667,0.04166666666666667,0.04166666666666667,0.04166666666666667,0.04166666666666667,0.04166666666666667,0.04166666666666667,0.04166666666666667,0.04166666666666667,0.04166666666666667,0.04166666666666667,0.5
2021-09-30,TREINO,ESTAGFLACAO,ESTAGFLACAO,ESTAGFLACAO,0.3404158778390447,0.0051498127340829,-0.0328925350809224,0.0446468222647424,0.027258337238776,0.0260109574147651,0.0048902744783503,-0.0066244710519872,-0.0071204220437246,-0.0656714049366781,-0.0850059082596315,-0.0978988469342776,0.004419993322352,0.012763207805211672,0.014423856939223628,1.442385693922363e-05,0.012748599853589004,0.008591600563781835,0.007995398108008579,7.995398108008579e-06,0.00858353647240695,0.01212142207576092,0.01353463500764613,1.353463500764613e-05,0.012107723381729718,0.04166666666666667,0.04166666666666667,0.04166666666666667,0.04166666666666667,0.04166666666666667,0.04166666666666667,0.04166666666666667,0.04166666666666667,0.04166666666666667,0.04166666666666667,0.04166666666666667,0.04166666666666667,0.5
2021-10-31,TREINO,ESTAGFLACAO,ESTAGFLACAO,ESTAGFLACAO,-0.075166179819214,0.0586865393572433,0.0157807499580302,0.0425908947995574,0.0500915586571215,0.0276881654786864,-0.0309457916948697,-0.0509245312050475,-0.0394431330500597,-0.0646319971186365,-0.0535980300335366,-0.0890269138874849,0.0048599610251687,-0.017408222379850846,0.03186654430109131,3.186654430109131e-05,-0.01743953418426225,-0.006274130677341073,0.016688518601764072,1.668851860176407e-05,-0.006290714489996407,-0.01569528519484934,0.02962903142397435,2.962903142397435e-05,-0.015724449190175016,0.04166666666666667,0.04166666666666667,0.04166666666666667,0.04166666666666667,0.04166666666666667,0.04166666666666667,0.04166666666666667,0.04166666666666667,0.04166666666666667,0.04166666666666667,0.04166666666666667,0.04166666666666667,0.5
2021-11-30,TREINO,EXPANSAO_INFLACIONARIA,ESTAGFLACAO,ESTAGFLACAO,-0.1583118664342765,-0.0021997360316761,-0.0052720271531471,-0.0078300669197282,-0.0410586956677391,-0.0097587327581931,0.0267833389592666,0.0522729268259603,0.0423803308382841,-0.0144913104708247,-0.0289460113308702,0.0361742400570248,0.0058674909390046,-0.009188134173826603,0.023906080715144336,2.3906080715144337e-05,-0.009211820602264553,-0.0016603216174110014,0.015087060776996078,1.5087060776996078e-05,-0.0016753836288149193,-0.008030009165147279,0.022965807236218036,2.2965807236218036e-05,-0.008052790556740907,0.04166666666666667,0.04166666666666667,0.04166666666666667,0.04166666666666667,0.04166666666666667,0.04166666666666667,0.04166666666666667,0.04166666666666667,0.04166666666666667,0.04166666666666667,0.04166666666666667,0.04166666666666667,0.5
2021-12-31,TREINO,EXPANSAO_INFLACIONARIA,EXPANSAO_INFLACIONARIA,ESTAGFLACAO,-0.2202758534858027,0.0511463844797175,0.0220455435972921,0.0182120517620383,0.0240735528279136,0.0079651599757581,-0.0117882472685491,-0.0036421792219248,-0.0414999193183911,0.0259031645678715,-0.0382329995263654,0.1146042873823256,0.0076908308186334,-0.004290754519009702,0.01737850485036991,1.737850485036991e-05,-0.004308058456961916,0.0005018796160475409,0.10377016596626282,0.00010377016596626282,0.0003980573699502443,-0.003369094108421769,0.016472006581988448,1.6472006581988448e-05,-0.003385510619263399,0.05,0.05,0.05,0.05,0.05,0.05,0.05,0.05,0.05,0.05,0.05,0.05,0.4
2022-01-31,TREINO,EXPANSAO_INFLACIONARIA,EXPANSAO_INFLACIONARIA,EXPANSAO_INFLACIONARIA,0.3687166311917782,0.0503355704697989,-0.0097644131122923,-0.0596384660170639,-0.0766545998526579,-0.0615449418816104,0.0104060870947642,-0.016043884821247,0.0126373794052629,0.071381152172568,0.1723750471428888,0.0019678408131444,0.0073227032460896,0.03868111688377784,0.02465863762106102,2.465863762106102e-05,0.038655504422512754,0.02613775142870254,0.01588945525136276,1.588945525136276e-05,0.026121446658819325,0.03626893121934027,0.02304639379871565,2.304639379871565e-05,0.03624504895746994,0.05,0.05,0.05,0.05,0.05,0.05,0.05,0.05,0.05,0.05,0.05,0.05,0.4
2022-02-28,TREINO,EXPANSAO_INFLACIONARIA,EXPANSAO_INFLACIONARIA,EXPANSAO_INFLACIONARIA,-0.0828888543865149,0.053514376996806,0.0509749303621172,-0.0448289718106229,-0.041550924393448,-0.0478809385942077,0.0021351188530651,0.0051599586390771,-0.0340748707287497,0.0107202893153943,-0.0171456023885556,-0.0196398850770905,0.0075504098703889,-0.013792114434394135,0.04076354821377241,4.0763548213772415e-05,-0.013832315767086212,-0.0052551047124809215,0.027201873943579008,2.720187394357901e-05,-0.0052821636377284875,-0.012150381795564668,0.03843171330278548,3.8431713302785475e-05,-0.012188346548877793,0.05,0.05,0.05,0.05,0.05,0.05,0.05,0.05,0.05,0.05,0.05,0.05,0.4
2022-03-31,TREINO,EXPANSAO_DESINFLACIONARIA,EXPANSAO_INFLACIONARIA,EXPANSAO_INFLACIONARIA,0.2621924973563274,0.1353297952994692,0.0332361257205815,-0.0688180783672954,-0.0715557799921472,-0.1186941682363111,-0.0036345521017644,-0.0017453610501242,0.0723513611667512,0.0580294092823676,0.0772829184095704,0.065943186103855,0.0092705386289309,0.036659779465940005,0.01617857393800752,1.6178573938007522e-05,0.03664300778904939,0.02570408313113636,0.012627574948208684,1.2627574948208685e-05,0.025691130975951992,0.03455291478617007,0.015804131992287383,1.5804131992287383e-05,0.0345365645753517,0.05,0.05,0.05,0.05,0.05,0.05,0.05,0.05,0.05,0.05,0.05,0.05,0.4
2022-04-30,TREINO,EXPANSAO_DESINFLACIONARIA,EXPANSAO_DESINFLACIONARIA,EXPANSAO_INFLACIONARIA,0.2839418120081829,0.0928213689482468,-0.0204698867962522,0.0352432812218521,-0.0255836343331722,-0.0336635102357489,0.0,0.0,2.220446049250313e-16,-0.1020712510879942,-0.1166093656856276,-0.1088488193317498,0.0083432052372138,0.0003966662256447602,0.03626796529258714,3.6267965292587145e-05,0.0003603838740753318,0.0035752818302723756,0.025564717935997468,2.5564717935997467e-05,0.0035496257112648255,0.0010079384573039207,0.03448622196509101,3.448622196509101e-05,0.0009734174753492919,0.05,0.05,0.05,0.05,0.05,0.05,0.05,0.05,0.05,0.05,0.05,0.05,0.4
2022-05-31,TREINO,EXPANSAO_DESINFLACIONARIA,EXPANSAO_DESINFLACIONARIA,EXPANSAO_DESINFLACIONARIA,0.1243788659503699,-0.0791322945310111,-0.0348819441434187,-0.0375470881287358,-0.0127515325857117,-0.0148352367367214,0.0,0.0,0.0069146535695263,0.0341391831648163,0.0599078175392633,0.0492091241120105,0.0103459230153135,0.007950129017532302,0.03422113092493768,3.4221130924937676e-05,0.007915635824201406,0.00890844661664478,0.021892926813701325,2.1892926813701326e-05,0.008886358657861138,0.00813442086351547,0.03199220871375561,3.199220871375561e-05,0.008102168416711741,0.05,0.05,0.05,0.05,0.05,0.05,0.05,0.05,0.05,0.05,0.05,0.05,0.4
2022-06-30,TREINO,EXPANSAO_DESINFLACIONARIA,EXPANSAO_DESINFLACIONARIA,EXPANSAO_DESINFLACIONARIA,-0.3340700452377636,-0.0129396151293955,-0.0209475099629691,0.0901650076932687,0.057097094448252,0.0202215299494774,0.0,0.0,-0.0167516449914379,-0.1151856125196116,-0.1296618180574416,-0.1480737025061405,0.0101531560893695,-0.05084552635948014,0.019497862369953683,1.9497862369953682e-05,-0.050864032842775075,-0.02644605337994029,0.012067547670247331,1.2067547670247332e-05,-0.026457801788600688,-0.04615332001726094,0.018107231959506247,1.8107231959506247e-05,-0.04617059154034919,0.05,0.05,0.05,0.05,0.05,0.05,0.05,0.05,0.05,0.05,0.05,0.05,0.4
2022-07-31,TREINO,EXPANSAO_INFLACIONARIA,EXPANSAO_DESINFLACIONARIA,EXPANSAO_DESINFLACIONARIA,0.5171460943307724,-0.171428571428571,-0.0228368448142647,0.0003474416102522,-0.0240489942286463,0.0162098243781869,0.0,0.0,-0.0095238256706755,0.048200049082927,0.0353019564890768,-0.0198584766832443,0.0103484243492919,0.030792387755484457,0.04597153637127101,4.597153637127101e-05,0.030745000645739484,0.02261480239300743,0.03190408538519486,3.1904085385194864e-05,0.02258217680303587,0.029219775185777338,0.04374012895800375,4.374012895800375e-05,0.029174756980084426,0.05,0.05,0.05,0.05,0.05,0.05,0.05,0.05,0.05,0.05,0.05,0.05,0.4
2022-08-31,TREINO,EXPANSAO_INFLACIONARIA,EXPANSAO_INFLACIONARIA,EXPANSAO_DESINFLACIONARIA,0.1091262308297449,0.0933062880324551,-0.0284190679517341,-0.0117313511658478,-0.0280128858118688,-0.0422253998225417,0.0,0.0,0.0246795430090418,0.0653198760449045,0.0980055670200081,-0.0371113045285538,0.0116936128000633,0.020244791304634017,0.04109063269140824,4.109063269140824e-05,0.020202868800659246,0.01682431990280573,0.026051045392504916,2.6051045392504915e-05,0.016797830566291694,0.019587008342743958,0.03834037773178888,3.8340377731788884e-05,0.019547916991713654,0.05,0.05,0.05,0.05,0.05,0.05,0.05,0.05,0.05,0.05,0.05,0.05,0.4
2022-09-30,TREINO,EXPANSAO_INFLACIONARIA,EXPANSAO_INFLACIONARIA,EXPANSAO_INFLACIONARIA,-0.2586830391731626,0.0055658627087207,-0.0294255155168547,0.0535543634290613,0.0333800866275513,0.0117258827123203,0.0,0.0,0.0170993569703761,0.0047859742597153,0.0361327821592583,0.0185416539510092,0.0107198224735485,-0.008943549322667069,0.023622888584999432,2.3622888584999433e-05,-0.008966960938782909,-0.0010782006041808404,0.015062380955414477,1.5062380955414477e-05,-0.0010932467448679928,-0.007430982261419716,0.022067944466280576,2.2067944466280575e-05,-0.0074528862193821155,0.05,0.05,0.05,0.05,0.05,0.05,0.05,0.05,0.05,0.05,0.05,0.05,0.4
2022-10-31,TREINO,EXPANSAO_DESINFLACIONARIA,EXPANSAO_INFLACIONARIA,EXPANSAO_INFLACIONARIA,-0.0607448695604372,0.020664206642067,-0.0159408082355742,-0.0199585531127044,-0.0055439028532984,-0.0396948811860774,0.0,0.0,0.0022551879490146,0.0547317709267203,0.067389270770092,0.0605440605732423,0.0102067586649576,0.005308456826087051,0.022721667020077555,2.2721667020077557e-05,0.005285614542078543,0.00726777756163527,0.014313040002461107,1.4313040002461108e-05,0.007253360497641914,0.00568524927523094,0.021176329402550632,2.117632940255063e-05,0.005663952553116802,0.05,0.05,0.05,0.05,0.05,0.05,0.05,0.05,0.05,0.05,0.05,0.05,0.4
2022-11-30,TREINO,EXPANSAO_DESINFLACIONARIA,EXPANSAO_DESINFLACIONARIA,EXPANSAO_INFLACIONARIA,0.0904799067725212,-0.042660882140274,0.0673023864189823,-0.0038385009252713,0.0308132615282206,0.0583381677204015,0.0,0.0,-0.0253656112579483,-0.0306748334645421,-0.1368653421633551,0.1330762146371675,0.0102067586649576,0.011717063927158529,0.015094494992336047,1.5094494992336046e-05,0.011701792569003278,0.011112941822278153,0.009817153486777634,9.817153486777634e-06,0.011103015571335861,0.011600886599296915,0.01415872115626389,1.415872115626389e-05,0.01158656362442212,0.05,0.05,0.05,0.05,0.05,0.05,0.05,0.05,0.05,0.05,0.05,0.05,0.4
2022-12-31,TREINO,EXPANSAO_DESINFLACIONARIA,EXPANSAO_DESINFLACIONARIA,EXPANSAO_DESINFLACIONARIA,-0.3421356236379949,0.026435045317221,0.0420962199312717,-0.0002657442613355,0.0278871049769762,0.034764307930915,0.0,0.0,-0.0038829126144096,-0.023382591527415,0.0172890275335677,-0.0202552957737693,0.0112331468569863,-0.02012087184374773,0.026475173486567014,2.6475173486567014e-05,-0.0201468143136615,-0.007579264363454111,0.01604396574042316,1.604396574042316e-05,-0.007595186727736736,-0.01770902425138357,0.02448559949698191,2.448559949698191e-05,-0.017733076234805245,0.05,0.05,0.05,0.05,0.05,0.05,0.05,0.05,0.05,0.05,0.05,0.05,0.4
2023-01-31,TREINO,EXPANSAO_DESINFLACIONARIA,EXPANSAO_DESINFLACIONARIA,EXPANSAO_DESINFLACIONARIA,-0.4112744009046827,0.0003679175864614,0.060456169277274,-0.0288410071994547,-0.0072837178518069,-0.002341556879323,0.0,0.0,0.0022123797779569,0.031953223226955,0.0096540533075544,0.0597636995246013,0.0112331468569863,-0.023777770011205356,0.02767440783063995,2.7674407830639952e-05,-0.0238047863833315,-0.009773403263928693,0.018290413773749077,1.829041377374908e-05,-0.00979151491811281,-0.02108462255980599,0.026049498757935153,2.6049498757935154e-05,-0.021110122814714805,0.05,0.05,0.05,0.05,0.05,0.05,0.05,0.05,0.05,0.05,0.05,0.05,0.4
2023-02-28,TREINO,EXPANSAO_DESINFLACIONARIA,EXPANSAO_DESINFLACIONARIA,EXPANSAO_DESINFLACIONARIA,0.0234724155745966,-0.0739242368517831,-0.0521378468960544,0.0165789682459409,-0.0059671049328841,-0.0265319778793896,0.0,0.0,0.0115631886394922,-0.0763192314308417,-0.0514940048841799,-0.0775409761022342,0.0091814122432902,-0.026025067209778114,0.033510118224330344,3.3510118224330346e-05,-0.026057705224923455,-0.011942475428550788,0.021235977854085875,2.1235977854085874e-05,-0.011963457796261068,-0.023316876482619008,0.031270571503890926,3.127057150389093e-05,-0.023347417922069624,0.05,0.05,0.05,0.05,0.05,0.05,0.05,0.05,0.05,0.05,0.05,0.05,0.4
2023-03-31,TREINO,EXPANSAO_DESINFLACIONARIA,EXPANSAO_DESINFLACIONARIA,EXPANSAO_DESINFLACIONARIA,-0.1933017484405361,0.0492454328832405,0.0766034084508382,-0.0205780865456206,0.0068552476647614,0.0028565961401787,0.0,0.0,0.0345006710901776,-0.0273843388488538,-0.0137562232679769,-0.0677092827847184,0.0117467319476121,-0.012722360304875786,0.01726583371501738,1.726583371501738e-05,-0.012739406476433346,-0.0029347234038806305,0.014487689954962503,1.4487689954962504e-05,-0.0029491685764728715,-0.010840122439299792,0.01717327443800925,1.717327443800925e-05,-0.010857109553340183,0.05,0.05,0.05,0.05,0.05,0.05,0.05,0.05,0.05,0.05,0.05,0.05,0.4
2023-04-30,TREINO,EXPANSAO_DESINFLACIONARIA,EXPANSAO_DESINFLACIONARIA,EXPANSAO_DESINFLACIONARIA,0.087545125771175,-0.0370931112793339,0.0107160871436962,-0.0228758616673181,-0.0114377193169301,-0.0281443543849324,0.0,0.0,0.0330486507812799,0.026116528557343,0.0734667979173844,-0.0402211331905278,0.0091814122432902,0.007593417527653018,0.02187141252074274,2.1871412520742742e-05,0.0075713800363650385,0.00822861541390789,0.01544813915895132,1.544813915895132e-05,0.008213040157952989,0.007715570967317416,0.020882450449801304,2.0882450449801304e-05,0.007694527396839179,0.05,0.05,0.05,0.05,0.05,0.05,0.05,0.05,0.05,0.05,0.05,0.05,0.4
2023-05-31,TREINO,EXPANSAO_DESINFLACIONARIA,EXPANSAO_DESINFLACIONARIA,EXPANSAO_DESINFLACIONARIA,-0.059751057376467,-0.0660377358490565,-0.0131651432055113,0.0117760434992926,-0.0158701294436153,-0.0317827651990388,0.0,0.0,0.0390898912447732,0.0379410957915256,0.0648680910069778,0.0160874160444584,0.0112331468569863,-0.0014036911238884393,0.015956014530642652,1.5956014530642654e-05,-0.0014196247411030205,0.0036510440684614557,0.009788082024202942,9.788082024202943e-06,0.0036412202497182466,-0.00043162666382115435,0.014792114743574968,1.4792114743574968e-05,-0.00044641239389353604,0.05,0.05,0.05,0.05,0.05,0.05,0.05,0.05,0.05,0.05,0.05,0.05,0.4
2023-06-30,TREINO,EXPANSAO_DESINFLACIONARIA,EXPANSAO_DESINFLACIONARIA,EXPANSAO_DESINFLACIONARIA,0.2347749590632357,-0.066498316498316,-0.0217933949264519,-0.0355923116212431,-0.0235687976582247,-0.0686791938276548,0.0,0.0,0.0288227757202195,0.0902461422177605,0.108327097497209,0.0173963915618249,0.0107198224735485,0.021952945960696593,0.014986734700996422,1.4986734700996422e-05,0.021937630223018534,0.017459696565837356,0.010569616840773583,1.0569616840773584e-05,0.0174489424066937,0.02108885953860828,0.014194488085274085,1.4194488085274085e-05,0.021074365704957465,0.05,0.05,0.05,0.05,0.05,0.05,0.05,0.05,0.05,0.05,0.05,0.05,0.4
2023-07-31,TREINO,EXPANSAO_DESINFLACIONARIA,EXPANSAO_DESINFLACIONARIA,EXPANSAO_DESINFLACIONARIA,-0.0586133054434154,-0.0910730387736699,0.0257144474737696,-0.027246870277329,-0.0160033706534338,8.942474119444377e-05,0.0,0.0,0.0160086817150471,0.0349498357734532,0.001596793384464,0.092987516302244,0.0107198224735485,-0.0017991571464729805,0.03052645363429775,3.052645363429775e-05,-0.0018296286782200077,0.003208434701535612,0.019279986694278276,1.9279986694278277e-05,0.0031890928562630094,-0.0008361587141636346,0.028462492067590252,2.8462492067590253e-05,-0.0008645974070704554,0.05,0.05,0.05,0.05,0.05,0.05,0.05,0.05,0.05,0.05,0.05,0.05,0.4
2023-08-31,TREINO,EXPANSAO_DESINFLACIONARIA,EXPANSAO_DESINFLACIONARIA,EXPANSAO_DESINFLACIONARIA,0.0508731288237827,-0.0853174603174591,-0.0163918035159214,0.0349543959413158,0.0237981213194331,-0.0023554925429762,0.0,0.0,-0.0098477932334297,-0.0495233261744318,-0.0587346868776262,-0.0432413273134995,0.011374956476198,-0.012982186990901026,0.015506227854154994,1.5506227854154995e-05,-0.012997491914005677,-0.0032393296040614155,0.01081120518584008,1.081120518584008e-05,-0.003250105788190183,-0.011108560570354946,0.014596200916835958,1.4596200916835958e-05,-0.011122994628489757,0.05,0.05,0.05,0.05,0.05,0.05,0.05,0.05,0.05,0.05,0.05,0.05,0.4
2023-09-30,TREINO,EXPANSAO_DESINFLACIONARIA,EXPANSAO_DESINFLACIONARIA,EXPANSAO_DESINFLACIONARIA,0.0581647470725894,0.0341648590021694,-0.046486419283759,0.0295393416010858,0.0012609753092067,0.0071729011659644,0.0,0.0,-0.0217901995114291,0.0076498216252123,-0.020859368523082,0.0156163598999701,0.0097290175441113,0.005369418196494002,0.015897861447097747,1.5897861447097748e-05,0.005353434972780402,0.00711325793554092,0.012220607566269009,1.2220607566269008e-05,0.007100950399640871,0.005704771992464563,0.015375865373917268,1.5375865373917267e-05,0.005689308411284566,0.05,0.05,0.05,0.05,0.05,0.05,0.05,0.05,0.05,0.05,0.05,0.05,0.4
2023-10-31,TREINO,EXPANSAO_DESINFLACIONARIA,EXPANSAO_DESINFLACIONARIA,EXPANSAO_DESINFLACIONARIA,0.2205531474021087,0.0041950707918201,0.0741842851561487,0.0026426524984921,0.0063914127178754,0.0041544301429834,0.0,0.0,-0.01136891883887,-0.0299451957855105,-0.0274945078637496,-0.051193887099312,0.0099756722384831,0.016009874093498862,0.009954178617867022,9.954178617867023e-06,0.01599976054973462,0.01359619335149256,0.006481622528231385,6.481622528231385e-06,0.013589623603571077,0.01554570472003611,0.009339309366715107,9.339309366715107e-06,0.0155362202245235,0.05,0.05,0.05,0.05,0.05,0.05,0.05,0.05,0.05,0.05,0.05,0.05,0.4
2023-11-30,TREINO,EXPANSAO_DESINFLACIONARIA,EXPANSAO_DESINFLACIONARIA,EXPANSAO_DESINFLACIONARIA,-0.2162237738732849,-0.0355091383812001,0.0266472021535337,-0.0281405827144378,0.0016997515836756,-0.0143325538688605,0.0,0.0,0.0333769607833001,0.1263478154721469,0.1627035883081,0.1031458487839482,0.0091598782558219,0.013309593187243432,0.02154815708243492,2.1548157082434917e-05,0.013287758232956248,0.01164970721467482,0.013197812285118415,1.3197812285118416e-05,0.011636355651740704,0.012990384346364856,0.019970015354822804,1.9970015354822804e-05,0.012970154912835152,0.05,0.05,0.05,0.05,0.05,0.05,0.05,0.05,0.05,0.05,0.05,0.05,0.4
2023-12-31,TREINO,EXPANSAO_DESINFLACIONARIA,EXPANSAO_DESINFLACIONARIA,EXPANSAO_DESINFLACIONARIA,-0.087437587428652,0.0270709258256633,0.017565343794051,-0.0159050732242233,-0.0010069703689289,0.0229658109615604,0.0,0.0,0.0409843375493232,0.0545820071863449,0.0752818545350857,0.0698237274958581,0.008945247967375,0.016993698027173536,0.031717309642071166,3.171730964207117e-05,0.016961441723149173,0.01377431800325412,0.019471803165562164,1.9471803165562165e-05,0.013754577989279593,0.01637458648411211,0.029407940607838676,2.9407940607838676e-05,0.016344697000637565,0.05,0.05,0.05,0.05,0.05,0.05,0.05,0.05,0.05,0.05,0.05,0.05,0.4
2024-01-31,AVALIACAO,EXPANSAO_DESINFLACIONARIA,EXPANSAO_DESINFLACIONARIA,EXPANSAO_DESINFLACIONARIA,-0.1787250806189556,-0.0548234053769105,-0.0122956753945462,0.0257351375571646,0.0005600215464109,-0.0157385868222984,0.0,0.0,-0.0119937187788934,-0.0479502398176628,-0.0464245933055784,-0.0945073044363746,0.0096669017436581,-0.0363469537873037,0.015512888749533986,1.5512888749533986e-05,-0.036361902829802784,-0.01794141157491898,0.010448764461817216,1.0448764461817215e-05,-0.017951672873797175,-0.032807426438768175,0.014656309149001984,1.4656309149001984e-05,-0.0328216019121329,0.05,0.05,0.05,0.05,0.05,0.05,0.05,0.05,0.05,0.05,0.05,0.05,0.4
2024-02-29,AVALIACAO,EXPANSAO_DESINFLACIONARIA,EXPANSAO_DESINFLACIONARIA,EXPANSAO_DESINFLACIONARIA,-0.1142856672507536,-0.0725041829336303,-0.0013180781588523,0.0034340789008791,0.0038429671859119,-0.0181639930834243,0.0,0.0,0.0014074246330528,0.0103805521956765,0.0019630938594077,0.0247992757996216,0.0080020043576818,-0.013370377404342576,0.020814532744689147,2.0814532744689147e-05,-0.01339091363892897,-0.0048214246995328235,0.016940107728932615,1.6940107728932617e-05,-0.004838283131807897,-0.011726348038033008,0.020550635887585822,2.0550635887585824e-05,-0.011746657690011708,0.05,0.05,0.05,0.05,0.05,0.05,0.05,0.05,0.05,0.05,0.05,0.05,0.4
2024-03-31,AVALIACAO,EXPANSAO_DESINFLACIONARIA,EXPANSAO_DESINFLACIONARIA,EXPANSAO_DESINFLACIONARIA,-0.0521505387715066,0.0631389055923039,0.083932128498863,0.0046303304837789,0.0015981709870167,0.0003640216460683,0.0,0.0,-0.0044799237811131,-0.0083713157977242,0.0031348082340305,0.0306407064468852,0.008316737660555,0.01020310779488355,0.01392304900775116,1.392304900775116e-05,0.010189042687505978,0.00944855974115213,0.009570622494143682,9.570622494143681e-06,0.009438898690059538,0.010058002399935201,0.013214558446412249,1.3214558446412249e-05,0.01004465492942841,0.05,0.05,0.05,0.05,0.05,0.05,0.05,0.05,0.05,0.05,0.05,0.05,0.4
2024-04-30,AVALIACAO,EXPANSAO_DESINFLACIONARIA,EXPANSAO_DESINFLACIONARIA,EXPANSAO_DESINFLACIONARIA,0.1293250387649962,-0.0056561085972842,0.033372419617131,0.0253892391111372,0.0166617858744866,-0.007518569416321,0.0,0.0,-0.0270008394824687,-0.0166538612288698,-0.0542968511581416,-0.0518581022847907,0.0088743311137577,0.003480345933322919,0.012134722877206287,1.2134722877206288e-05,0.0034681689774123114,0.00563794000549683,0.007398398852186069,7.398398852186069e-06,0.005630499894915708,0.00389526787027944,0.01123604425059608,1.1236044250596079e-05,0.003883988058626775,0.05,0.05,0.05,0.05,0.05,0.05,0.05,0.05,0.05,0.05,0.05,0.05,0.4
2024-05-31,AVALIACAO,EXPANSAO_DESINFLACIONARIA,EXPANSAO_DESINFLACIONARIA,EXPANSAO_DESINFLACIONARIA,0.2993469714105485,0.015358361774745,0.0137470547885516,0.0166307788548212,0.0276855158345978,0.0131654530864044,0.0,0.0,0.0108824214579517,-0.0299695919843063,-0.033952916205993,-0.0374131881143183,0.0083244202533836,0.024623405075250224,0.01584710489579263,1.584710489579263e-05,0.0246071677606714,0.018103811146503567,0.010346062132993588,1.0346062132993588e-05,0.0180932777812155,0.023369637012029713,0.014876396690722916,1.4876396690722916e-05,0.02335441295934837,0.05,0.05,0.05,0.05,0.05,0.05,0.05,0.05,0.05,0.05,0.05,0.05,0.4
2024-06-30,AVALIACAO,EXPANSAO_DESINFLACIONARIA,EXPANSAO_DESINFLACIONARIA,EXPANSAO_DESINFLACIONARIA,0.0054117425440509,-0.1098039215686268,0.0020664036462711,0.057361529677457,0.0461366250064678,0.031807833959512,0.0,0.0,-0.0176729272371911,0.0155282025179765,0.005643885915306,0.0336849849332516,0.0078833696783628,0.005847029949539584,0.022592502093833934,2.2592502093833934e-05,0.0058243053484094975,0.00666156584106887,0.014282672443030938,1.4282672443030938e-05,0.006647188023662931,0.0060036714671413685,0.02106864970566704,2.1068649705667042e-05,0.005982476328184605,0.05,0.05,0.05,0.05,0.05,0.05,0.05,0.05,0.05,0.05,0.05,0.05,0.4
2024-07-31,AVALIACAO,EXPANSAO_DESINFLACIONARIA,EXPANSAO_DESINFLACIONARIA,EXPANSAO_DESINFLACIONARIA,-0.217224160665335,-0.0365009439899298,0.0424453541696321,0.0201072612660961,0.0303179192225298,0.0748618623054471,0.0,0.0,0.0227397065184424,0.0302645541790966,0.0297619051480704,-0.0247089935742317,0.0090712234242487,-0.0023279612850151685,0.012865112828899156,1.2865112828899155e-05,-0.0023407964483596055,0.0022317125986903797,0.007996022846723464,7.996022846723465e-06,0.002223698731018686,-0.0014511009227640998,0.01195748174420113,1.195748174420113e-05,-0.0014630410529955507,0.05,0.05,0.05,0.05,0.05,0.05,0.05,0.05,0.05,0.05,0.05,0.05,0.4
2024-08-31,AVALIACAO,EXPANSAO_DESINFLACIONARIA,EXPANSAO_DESINFLACIONARIA,EXPANSAO_DESINFLACIONARIA,0.0446955203889458,-0.0124101894186796,0.0277354415116948,0.002958360137772,0.0251915676303506,0.0557292707869383,0.0,0.0,0.011608206773424,0.0665949254784603,0.1315441825424961,0.008444998607745,0.0086751167059184,0.03017435703659561,0.022673634541273607,2.267363454127361e-05,0.03015099923971043,0.021574660904324725,0.014447390637443661,1.4447390637443661e-05,0.02155990181613343,0.028520569318851212,0.02111377633271979,2.1113776332719792e-05,0.028498853365596988,0.05,0.05,0.05,0.05,0.05,0.05,0.05,0.05,0.05,0.05,0.05,0.05,0.4
2024-09-30,AVALIACAO,EXPANSAO_INFLACIONARIA,EXPANSAO_DESINFLACIONARIA,EXPANSAO_DESINFLACIONARIA,0.3742359985136669,0.1236772486772497,0.0570615310136817,-0.0345611838935671,-0.0252636172048512,-0.0207029637617086,0.0,0.0,-0.0144761177190846,-0.0302811610717583,-0.0544405715648677,0.0431458022704858,0.0083515740937922,0.03486624710493723,0.01438805559430649,1.438805559430649e-05,0.0348513573918412,0.024260377900479215,0.010867680621423178,1.0867680621423179e-05,0.02424924656581906,0.03282665687331068,0.01379738472644712,1.379738472644712e-05,0.03281240656657003,0.05,0.05,0.05,0.05,0.05,0.05,0.05,0.05,0.05,0.05,0.05,0.05,0.4
2024-10-31,AVALIACAO,EXPANSAO_INFLACIONARIA,EXPANSAO_INFLACIONARIA,EXPANSAO_DESINFLACIONARIA,-0.0738967064387122,-0.0329605650382576,0.038769374221693,0.0605720641804647,0.0308316756614142,-0.0115695480077165,0.0,0.0,-0.0194357200115422,-0.0161338153824923,-0.0234622858152262,-0.0130890054098794,0.0092795757550794,-0.005031211003354542,0.03693356454988228,3.693356454988228e-05,-0.005067958747348111,0.0006931037000190354,0.024460531700946767,2.4460531700946766e-05,0.0006686262146331501,-0.003930381252705778,0.03476746593924565,3.476746593924565e-05,-0.003965012069248597,0.05,0.05,0.05,0.05,0.05,0.05,0.05,0.05,0.05,0.05,0.05,0.05,0.4
2024-11-30,AVALIACAO,EXPANSAO_INFLACIONARIA,EXPANSAO_INFLACIONARIA,EXPANSAO_INFLACIONARIA,0.2423346489658562,0.029823493609252,-0.0296899709229877,0.0436630838437501,0.0148712451229104,0.0589769429587909,0.0,0.0,-0.0040190210806967,-0.0319655079649996,-0.081403584302006,0.0162688239797479,0.0079299039202747,0.02157167951746813,0.013009551220611912,1.3009551220611912e-05,0.021558389328377947,0.016114969278590758,0.009832464052984467,9.832464052984467e-06,0.01610497836468161,0.020522312163837864,0.012590638110673333,1.2590638110673333e-05,0.02050946313672153,0.05,0.05,0.05,0.05,0.05,0.05,0.05,0.05,0.05,0.05,0.05,0.05,0.4
2024-12-31,AVALIACAO,EXPANSAO_INFLACIONARIA,EXPANSAO_INFLACIONARIA,EXPANSAO_INFLACIONARIA,0.1703836476186082,0.0691489361702133,-0.0191569071673872,0.0298974109071148,0.013178822892321,-0.0139670306953703,0.0,0.0,-0.0386096757990128,-0.0405152396106224,-0.0135937519179324,-0.051157166851549,0.0093143107189948,0.008800753795531937,0.02353493291207044,2.3534932912070442e-05,0.008777011737469698,0.009006176564917081,0.01527839645866463,1.527839645866463e-05,0.008990760568522216,0.008840258174259846,0.02206328127902544,2.206328127902544e-05,0.008817999847878122,0.05,0.05,0.05,0.05,0.05,0.05,0.05,0.05,0.05,0.05,0.05,0.05,0.4
2025-01-31,AVALIACAO,EXPANSAO_INFLACIONARIA,EXPANSAO_INFLACIONARIA,EXPANSAO_INFLACIONARIA,-0.2266260603977964,0.0657822001105592,0.0791987623688634,-0.0515362460765258,-0.0509455784235335,-0.0291450899523939,0.0,0.0,0.0043880480438616,0.0484906946342853,0.1033580315430382,-0.0005501335039135,0.0101320135641482,-0.004798780971129616,0.02043728667225954,2.043728667225954e-05,-0.004819120183739423,0.0011735368429815116,0.012341311200347635,1.2341311200347636e-05,0.0011611810487976992,-0.0036502583145697864,0.018888546330513567,1.8888546330513567e-05,-0.0036690779128270012,0.05,0.05,0.05,0.05,0.05,0.05,0.05,0.05,0.05,0.05,0.05,0.05,0.4
2025-02-28,AVALIACAO,EXPANSAO_INFLACIONARIA,EXPANSAO_INFLACIONARIA,EXPANSAO_INFLACIONARIA,0.2595270116744432,-0.0591286307053938,0.0086400173611107,-0.0060429949741542,-0.006064329488123,0.021858953942984,0.0,0.0,0.001139735450077,-0.0242104076620034,-0.0309881278177486,-0.0493577729671366,0.0098532226245136,0.009614454567837941,0.02839106340864648,2.839106340864648e-05,0.009585790539839989,0.009709961790508204,0.018329383106367274,1.8329383106367275e-05,0.009691454429792135,0.009632821341428378,0.026531611975054787,2.6531611975054786e-05,0.009606034155175136,0.05,0.05,0.05,0.05,0.05,0.05,0.05,0.05,0.05,0.05,0.05,0.05,0.4
2025-03-31,AVALIACAO,EXPANSAO_INFLACIONARIA,EXPANSAO_INFLACIONARIA,EXPANSAO_INFLACIONARIA,0.0743348563350876,0.0082690187431093,0.1008178211637258,-0.0138551445696865,0.0267746912791519,-0.01117070508445,0.0,0.0,0.0252347589441463,0.0600397856998644,0.0887584003939558,0.0177571539193126,0.0096402956224821,0.0314133864020181,0.021638380150599774,2.1638380150599776e-05,0.03139106828707061,0.022704150090203705,0.01302909442637766,1.302909442637766e-05,0.022690825181261864,0.029738533265130714,0.01998751950460422,1.9987519504604222e-05,0.029717951346112548,0.05,0.05,0.05,0.05,0.05,0.05,0.05,0.05,0.05,0.05,0.05,0.05,0.4
2025-04-30,AVALIACAO,EXPANSAO_INFLACIONARIA,EXPANSAO_INFLACIONARIA,EXPANSAO_INFLACIONARIA,-0.1925224547007586,0.0218698742482237,0.0583450583844613,-0.023983631138829,0.0268541713763401,0.0255544109463512,0.0,0.0,0.0271120599005252,0.0371342598268373,0.0932113483950902,-0.0512042629694454,0.0105587962367734,0.0018642361890663364,0.016021487326588264,1.6021487326588264e-05,0.0018481848339033657,0.00534206020814916,0.011720662972452223,1.1720662972452223e-05,0.005330276932689282,0.002533048500428415,0.015313575982924515,1.5313575982924517e-05,0.002517696134414882,0.05,0.05,0.05,0.05,0.05,0.05,0.05,0.05,0.05,0.05,0.05,0.05,0.4
2025-05-31,AVALIACAO,EXPANSAO_INFLACIONARIA,EXPANSAO_INFLACIONARIA,EXPANSAO_INFLACIONARIA,0.0363800518341785,-0.0497592295345097,-0.0048714365071853,0.0080249489351511,0.0070830567757236,-0.0025828931346337,0.0,0.0,0.0246846654393653,0.0151899175661176,0.0153530197866456,-0.0171896988074169,0.0113877585481663,0.0026927001961196753,0.02304300321237044,2.304300321237044e-05,0.0026695951450079747,0.006170723536938325,0.01464280972134109,1.464280972134109e-05,0.006155990370486419,0.0033615508385847993,0.02151286005986813,2.151286005986813e-05,0.003339965661951938,0.05,0.05,0.05,0.05,0.05,0.05,0.05,0.05,0.05,0.05,0.05,0.05,0.4
2025-06-30,AVALIACAO,EXPANSAO_INFLACIONARIA,EXPANSAO_INFLACIONARIA,EXPANSAO_INFLACIONARIA,0.0026109842972974,-0.0529279279279274,0.0016722916973179,-0.0329561462339872,-0.0032092267434918,-0.0375495028154385,0.0,0.0,0.0145947221143585,0.0141075571174453,0.0166059587147475,0.0067114468851683,0.0109705127204058,-0.0058616535745425,0.007526355378102624,7.526355378102624e-06,-0.005869135813032722,0.0008712129434368188,0.005537211359801845,5.537211359801845e-06,0.0008656709079868374,-0.004566871551854171,0.007250439817586052,7.250439817586052e-06,-0.004574088879844451,0.05,0.05,0.05,0.05,0.05,0.05,0.05,0.05,0.05,0.05,0.05,0.05,0.4
2025-07-31,AVALIACAO,EXPANSAO_INFLACIONARIA,EXPANSAO_INFLACIONARIA,EXPANSAO_INFLACIONARIA,-0.1012731869133312,-0.0630202140309157,-0.0003642396817153,0.0177058340306657,-0.0082750029549326,-0.014825002063655,0.0,0.0,-0.0156846201391283,-0.0408909383077715,-0.0777556855198146,0.0151515151515166,0.0127573250874795,-0.024102628369090162,0.008872726872330955,8.872726872330955e-06,-0.024111287239924062,-0.009358646986462296,0.00658776472317819,6.58776472317819e-06,-0.00936517309862095,-0.02126724733396941,0.008479722906987744,8.479722906987745e-06,-0.021275546716511995,0.05,0.05,0.05,0.05,0.05,0.05,0.05,0.05,0.05,0.05,0.05,0.05,0.4
2025-08-31,AVALIACAO,EXPANSAO_INFLACIONARIA,EXPANSAO_INFLACIONARIA,EXPANSAO_INFLACIONARIA,-0.0350933578394263,0.0101522842639603,0.0548099121451075,-0.0291279141320203,-0.0075805558599851,-0.013414715769436,0.0,0.0,0.0080993558235815,0.0635851460248626,0.0804954135193376,0.0334328418940457,0.0116415613879778,0.013779867505835628,0.015928033411251215,1.5928033411251214e-05,0.01376371998623438,0.012924545058692496,0.012986423606946181,1.2986423606946181e-05,0.012911390791468635,0.013615382419846563,0.015551588355685327,1.5551588355685326e-05,0.013599619090668202,0.05,0.05,0.05,0.05,0.05,0.05,0.05,0.05,0.05,0.05,0.05,0.05,0.4
2025-09-30,AVALIACAO,EXPANSAO_INFLACIONARIA,EXPANSAO_INFLACIONARIA,EXPANSAO_INFLACIONARIA,0.1021021009076221,0.0439698492462317,0.1056798522659985,-0.0168668037834069,-0.0124765633710064,-0.0274927955580422,0.0,0.0,0.0067242741131932,0.0344376328667519,0.0424468235243398,-0.0046216383026445,0.0121992894971867,0.022825227659086435,0.01456626575122754,1.456626575122754e-05,0.02281032891500323,0.01857485239432654,0.00891602115032751,8.916021150327511e-06,0.018565770759399358,0.022007847800478767,0.013497896660030685,1.3497896660030686e-05,0.021994052844163337,0.05,0.05,0.05,0.05,0.05,0.05,0.05,0.05,0.05,0.05,0.05,0.05,0.4
2025-10-31,AVALIACAO,RECESSAO_DESINFLACIONARIA,EXPANSAO_INFLACIONARIA,EXPANSAO_INFLACIONARIA,0.2485619454494256,0.0385078219013237,0.0368152209295293,0.0113309416657845,-0.0024891707885308,-0.0238327916191202,0.0,0.0,0.0019084075558011,0.0223716662609585,0.0031321287824612,0.0847359486260861,0.0127573250874795,0.035086843230309916,0.01747692850439818,1.7476928504398178e-05,0.035068753091554994,0.026155035973177754,0.011573130648430702,1.1573130648430702e-05,0.026143160146880895,0.033369187988553733,0.016453058952607208,1.6453058952607207e-05,0.03335218590438416,0.05,0.05,0.05,0.05,0.05,0.05,0.05,0.05,0.05,0.05,0.05,0.05,0.4
2025-11-30,AVALIACAO,RECESSAO_DESINFLACIONARIA,RECESSAO_DESINFLACIONARIA,EXPANSAO_INFLACIONARIA,0.1760426332186913,0.0092699884125144,0.0592887992593516,-0.0049423790754425,-0.0024828152723671,-0.0200692169765602,0.0,0.0,0.0343723049411535,0.0636275094645735,0.0851972917860208,-0.0024968680294344,0.0105270269352091,0.03315060397737507,0.02159831368576235,2.159831368576235e-05,0.033128289666545685,0.026363530864725284,0.09728108253713916,9.728108253713916e-05,0.026263685109366053,0.03141032882028539,0.020481486723258086,2.0481486723258085e-05,0.03138920400332945,0.058333333333333334,0.058333333333333334,0.058333333333333334,0.058333333333333334,0.058333333333333334,0.058333333333333334,0.058333333333333334,0.058333333333333334,0.058333333333333334,0.058333333333333334,0.058333333333333334,0.058333333333333334,0.3
2025-12-31,AVALIACAO,RECESSAO_DESINFLACIONARIA,RECESSAO_DESINFLACIONARIA,RECESSAO_DESINFLACIONARIA,-0.1810309357206783,0.0114810562571763,0.0359861318534231,0.0399036139686559,0.0550097006353822,0.041164692024767,0.0,0.0,-0.0034318545067382,0.0150624010822792,-0.0153846760365603,0.0872519406666918,0.0121992894971867,0.007167672518699894,0.020388727920352873,2.0388727920352872e-05,0.007147137651054791,0.008677157612245934,0.01629520251247498,1.6295202512474982e-05,0.008660721013693085,0.0075547199785834926,0.019501072184816316,1.9501072184816316e-05,0.00753507158125899,0.058333333333333334,0.058333333333333334,0.058333333333333334,0.058333333333333334,0.058333333333333334,0.058333333333333334,0.058333333333333334,0.058333333333333334,0.058333333333333334,0.058333333333333334,0.058333333333333334,0.058333333333333334,0.3
2026-01-31,AVALIACAO,EXPANSAO_DESINFLACIONARIA,RECESSAO_DESINFLACIONARIA,RECESSAO_DESINFLACIONARIA,0.0961732676461721,-0.0278093076049938,0.0786709221767907,-0.0682156874983996,-0.0527294550002305,-0.0506332774003956,0.3796226453481237,0.3073125189940375,0.0084831358721766,0.125346838776138,0.1413407278282543,0.104588006117819,0.0116415613879778,0.08684586127129106,0.019500711027595423,1.9500711027595423e-05,0.08682466700421876,0.06428457130629707,0.01406654884095044,1.406654884095044e-05,0.06426960049539421,0.08106091512642079,0.018141489676033545,1.8141489676033545e-05,0.08104130307098978,0.058333333333333334,0.058333333333333334,0.058333333333333334,0.058333333333333334,0.058333333333333334,0.058333333333333334,0.058333333333333334,0.058333333333333334,0.058333333333333334,0.058333333333333334,0.058333333333333334,0.058333333333333334,0.3
2026-02-28,AVALIACAO,EXPANSAO_DESINFLACIONARIA,EXPANSAO_DESINFLACIONARIA,RECESSAO_DESINFLACIONARIA,-0.3433624466104477,0.024518388791594,0.1095908076875789,-0.0101364194263084,-0.0236221204787711,-0.0272424144533465,0.0173231356727967,0.0206907786183934,0.0248188836887459,0.0409519698200522,0.0376736925024803,0.0120590324559926,0.0099702202530813,-0.009728059310936642,0.04855862114783637,4.855862114783637e-05,-0.009776145550937976,-0.001848747485329461,0.11483898517490639,0.00011483898517490639,-0.0019633741622193668,-0.00821280703678141,0.04753297322636219,4.7532973226362196e-05,-0.008259949630870733,0.05,0.05,0.05,0.05,0.05,0.05,0.05,0.05,0.05,0.05,0.05,0.05,0.4
2026-03-31,AVALIACAO,EXPANSAO_DESINFLACIONARIA,EXPANSAO_DESINFLACIONARIA,EXPANSAO_DESINFLACIONARIA,0.0087443496505659,0.0433048433048433,-0.1114424820464096,0.0248023830903747,-0.0048220351679246,-0.0008192518765495,-0.0002688544434893,-0.0117157716055522,-0.0095083768331777,-0.0056127515706447,-0.0595195744166205,-0.0845837530267021,0.0121205359250438,-0.017620106245107195,0.030753434882310752,3.0753434882310754e-05,-0.017650317801199522,-0.005723849377046796,0.019885183233876745,1.9885183233876745e-05,-0.005743620740487065,-0.015332364539710963,0.02881450743726898,2.881450743726898e-05,-0.015360737252616219,0.05,0.05,0.05,0.05,0.05,0.05,0.05,0.05,0.05,0.05,0.05,0.05,0.4
2026-04-30,AVALIACAO,EXPANSAO_DESINFLACIONARIA,EXPANSAO_DESINFLACIONARIA,EXPANSAO_DESINFLACIONARIA,-0.0405686894741084,0.0152921900600768,-0.0070789012936667,-0.0468275110404468,-0.028119551980679,-0.04870785108522,0.0207081801469968,0.023163322355542,0.0226452428489292,-0.0005696266894718,0.000695987691011,0.0003213957562406,0.010900584045334,-0.00742048439206636,0.017193407224885444,1.7193407224885445e-05,-0.007437550215881217,-9.20570171062153e-05,0.012478963258233243,1.2478963258233243e-05,-0.00010453483158823218,-0.006011171435343254,0.016370124709655057,1.6370124709655055e-05,-0.006027443156426893,0.05,0.05,0.05,0.05,0.05,0.05,0.05,0.05,0.05,0.05,0.05,0.05,0.4
2026-05-31,AVALIACAO,EXPANSAO_DESINFLACIONARIA,EXPANSAO_DESINFLACIONARIA,EXPANSAO_DESINFLACIONARIA,0.1890133753083314,-0.0387305002689605,-0.0117451173464212,0.0068161817673819,0.0041175844795873,0.0124812142017414,0.0002634707459698,-0.0014482997017326,-0.0048940999144628,-0.0725388601036267,-0.0754413659988445,0.0046586492454196,0.0107343536262072,0.00104601936786526,0.01129562450636385,1.1295624506363851e-05,0.0010347119279168204,0.004921353071202034,0.008566778105086333,8.566778105086333e-06,0.004912744132957059,0.0017912758492761778,0.010930833862231322,1.0930833862231323e-05,0.0017803254352752873,0.05,0.05,0.05,0.05,0.05,0.05,0.05,0.05,0.05,0.05,0.05,0.05,0.4
